id,title,price,link,image_link
A16e,Classic Day Cream Complex,109.99 USD,https://www.premierdeadsea-usa.com/en/day-cream-complex,https://www.premierdeadsea-usa.com/pub/media/catalog/product/6/1/61c84f9b3bcc2_A16e.jpg
K30n,Biox Ultra Thermal Beauty Experience Mask,699.99 USD,https://www.premierdeadsea-usa.com/en/biox-ultra-thermal-beauty-experience-mask,https://www.premierdeadsea-usa.com/pub/media/catalog/product/6/1/619649836e6d1_K30__100ml_548x730.jpg
K31n,Biox Ultra Intensive Age - Defying Cream - Age Treatment Complex,599.99 USD,https://www.premierdeadsea-usa.com/en/biox-ultra-intensive-age-defying-cream--age-treatment-complex,https://www.premierdeadsea-usa.com/pub/media/catalog/product/6/1/61964a5f2ad91_K31_548x730.jpg
B101,Beautifying Luxury Nail Kit - Milk & Honey,59.99 USD,https://www.premierdeadsea-usa.com/en/beutifying-big-nail-kit,https://www.premierdeadsea-usa.com/pub/media/catalog/product/6/1/61c86fb0a275f_B101.jpg
B101b,Beautifying Luxury Nail Kit - Passion Fruit,59.99 USD,https://www.premierdeadsea-usa.com/en/beautifying-big-nail-kit-passion-fruit,https://www.premierdeadsea-usa.com/pub/media/catalog/product/6/0/6040d4b50c0d7_B101.jpg
B101c,Beautifying Luxury Nail Kit - Herbal,59.99 USD,https://www.premierdeadsea-usa.com/en/beautifying-big-nail-kit-herbal,https://www.premierdeadsea-usa.com/pub/media/catalog/product/6/1/61cab85e82a52_B101.jpg
B10e,Hair Loss Preventive Care Shampoo,29.99 USD,https://www.premierdeadsea-usa.com/en/hair-loss-preventive-care-shampoo,https://www.premierdeadsea-usa.com/pub/media/catalog/product/6/1/6146dfa302284_B10.jpg
B130,Classic Moisturizing Travel Gift Set,69.99 USD,https://www.premierdeadsea-usa.com/en/moisturizing-travel-gift-set,https://www.premierdeadsea-usa.com/pub/media/catalog/product/6/0/602bc7e8073ae_B130.jpg
B136,Classic Luxury Men'S Care Kit,99.99 USD,https://www.premierdeadsea-usa.com/en/classic-luxury-men-s-care-kit,https://www.premierdeadsea-usa.com/pub/media/catalog/product/6/0/60570fcd905bf_B136.jpg
B137,Classic Best Of The Basics Men'S Care Kit,139.99 USD,https://www.premierdeadsea-usa.com/en/best-of-the-basics-menas-care-kit,https://www.premierdeadsea-usa.com/pub/media/catalog/product/6/1/61b5fd3b9c2fd_B137.jpg
B153,Classic Para Pharmaceutical Aromatic Gift Set,99.99 USD,https://www.premierdeadsea-usa.com/en/aromatic-gift-set,https://www.premierdeadsea-usa.com/pub/media/catalog/product/6/0/602bc809ca96b_B153.jpg
B159,Classic Dead Sea Luxury Skin Care Collection - Hand & Foot,39.99 USD,https://www.premierdeadsea-usa.com/en/skin-care-collection-hand-and-foot,https://www.premierdeadsea-usa.com/pub/media/catalog/product/6/0/602bc81d0692e_B159.jpg
B160,Classic Dead Sea Luxury Skin Care Collection - Moisturize & Hand,39.99 USD,https://www.premierdeadsea-usa.com/en/dead-sea-luxury-skin-care-collection-moisturize-hand,https://www.premierdeadsea-usa.com/pub/media/catalog/product/c/l/classic_dead_sea_luxury_skin_care_collection_-_moisturize_hand_christmas_1.jpg
A066e,Dead Sea Aromatic Bath Crystals - Relaxing,29.99 USD,https://www.premierdeadsea-usa.com/en/dead-sea-aromatic-bath-crystals-relaxing,https://www.premierdeadsea-usa.com/pub/media/catalog/product/6/0/6048b1fd08d1c_A066.jpg
PSi8,Supreme Perfecting Kit,669.99 USD,https://www.premierdeadsea-usa.com/en/supreme-perfecting-kit,https://www.premierdeadsea-usa.com/pub/media/catalog/product/6/1/619f75ef89062_PSi8.jpg
N2Ae,Beautifying Nail Kit - Milk & Honey,49.99 USD,https://www.premierdeadsea-usa.com/en/beautyfing-nail-kit,https://www.premierdeadsea-usa.com/pub/media/catalog/product/5/f/5f8518152fe9c_N2ae.jpg
A100e,Homme Eau De Parfum For Men,189.99 USD,https://www.premierdeadsea-usa.com/en/homme-eau-de-parfum,https://www.premierdeadsea-usa.com/pub/media/catalog/product/6/1/614b25ba330cf_A100e.jpg
A102,Age Defying Aragan Oil Hair Complex For Split Ends,79.99 USD,https://www.premierdeadsea-usa.com/en/age-defying-aragan-oil-hair-complex-for-split-ends,https://www.premierdeadsea-usa.com/pub/media/catalog/product/6/1/614b25c68182d_A102e.jpg
A103,Age Defying Aragan Hair Care Mask,54.99 USD,https://www.premierdeadsea-usa.com/en/age-defying-aragan-hair-care-mask,https://www.premierdeadsea-usa.com/pub/media/catalog/product/6/1/614b25d2811ea_A103.jpg
A105,Age Defying Aragan Hair Care Cream,44.99 USD,https://www.premierdeadsea-usa.com/en/age-defying-aragan-hair-care-cream,https://www.premierdeadsea-usa.com/pub/media/catalog/product/6/1/614b25e9760ec_A105.jpg
A106,Age Defying Aragan Hair Care Shampoo For Delicate And Thinning Hair,59.99 USD,https://www.premierdeadsea-usa.com/en/age-defying-aragan-hair-care-shampoo-for-delicate-and-thinning-hair,https://www.premierdeadsea-usa.com/pub/media/catalog/product/6/1/614b25f661b95_A106.jpg
A107,Age Defying Aragan Sea Salt Spray,49.99 USD,https://www.premierdeadsea-usa.com/en/age-defying-aragan-sea-salt-spray,https://www.premierdeadsea-usa.com/pub/media/catalog/product/6/1/614b2602d724e_A107.jpg
A110,Dead Sea Mineral Mud For Body,39.99 USD,https://www.premierdeadsea-usa.com/en/dead-sea-mineral-mud-for-body,https://www.premierdeadsea-usa.com/pub/media/catalog/product/6/1/6146ea8d8695f_A110.jpg
A111,Dead Sea Bath Salts,39.99 USD,https://www.premierdeadsea-usa.com/en/dead-sea-bath-salts,https://www.premierdeadsea-usa.com/pub/media/catalog/product/6/0/6048b0627d501_A111.jpg
A112,Ultimate Hand Cream,19.90 USD,https://www.premierdeadsea-usa.com/en/ultimate-hand-cream,https://www.premierdeadsea-usa.com/pub/media/catalog/product/5/f/5f85231bc58fa_A112__50ml.jpg
A114,Ultimate Moisture Cream For Multi Use,19.99 USD,https://www.premierdeadsea-usa.com/en/ultimate-moisture-cream-for-multi-use-free,https://www.premierdeadsea-usa.com/pub/media/catalog/product/6/1/614b260e96c5c_A114__50ml.jpg
A11e,Classic Moisture Cream Complex,179.99 USD,https://www.premierdeadsea-usa.com/en/moisture-cream-complex,https://www.premierdeadsea-usa.com/pub/media/catalog/product/6/1/61c8782ea596d_A11e.jpg
A12e,Classic Eye Cream,179.99 USD,https://www.premierdeadsea-usa.com/en/eye-cream,https://www.premierdeadsea-usa.com/pub/media/catalog/product/6/1/61c84d595069f_A12e.jpg
A130e,Premium Non-Surgical Face Lift Treatment,249.99 USD,https://www.premierdeadsea-usa.com/en/premium-non-surgical-face-lift-treatment,https://www.premierdeadsea-usa.com/pub/media/catalog/product/5/f/5f853e6d6e6ab_A130e.jpg
A133e,Dead Sea Salt Scrub - Milk And Honey,34.99 USD,https://www.premierdeadsea-usa.com/en/dead-sea-salt-scrub-milk-and-honey,https://www.premierdeadsea-usa.com/pub/media/catalog/product/6/0/602bd1ed51a7f_A133e.jpg
A134e,Dead Sea Salt Scrub - Passion Fruit,34.99 USD,https://www.premierdeadsea-usa.com/en/dead-sea-salt-scrub-passion-fruit,https://www.premierdeadsea-usa.com/pub/media/catalog/product/6/0/602bd245363ae_A134e.jpg
A135e,Dead Sea Salt Scrub - Herbal,34.99 USD,https://www.premierdeadsea-usa.com/en/dead-sea-salt-scrub-herbal,https://www.premierdeadsea-usa.com/pub/media/catalog/product/6/0/602bd2e87743d_A135e.jpg
A136e,Body Butter - Milk & Honey,39.99 USD,https://www.premierdeadsea-usa.com/en/body-butter-milk-and-honey,https://www.premierdeadsea-usa.com/pub/media/catalog/product/6/1/61cabd8b07573_A136e.jpg
A137e,Body Butter - Passion Fruit,39.99 USD,https://www.premierdeadsea-usa.com/en/body-butter-passion-fruit,https://www.premierdeadsea-usa.com/pub/media/catalog/product/6/0/6048a8b5d5b6b_A137e.jpg
A138e,Body Butter - Herbal,39.99 USD,https://www.premierdeadsea-usa.com/en/body-butter-herbal,https://www.premierdeadsea-usa.com/pub/media/catalog/product/6/0/6048aa448babc_A138e.jpg
A14e,Classic Night Cream Complex,139.99 USD,https://www.premierdeadsea-usa.com/en/night-cream-complex,https://www.premierdeadsea-usa.com/pub/media/catalog/product/6/1/61c84e773e484_A14e.jpg
A15e,Classic Cellulite Unique Intensive Control Cream,129.99 USD,https://www.premierdeadsea-usa.com/en/cellulite-unique-intensive-control,https://www.premierdeadsea-usa.com/pub/media/catalog/product/6/0/602bd4edcb74a_A15e.jpg
A160e,Classic Facial Duet Exclusive Package,49.99 USD,https://www.premierdeadsea-usa.com/en/facial-duet-exclusive-package,https://www.premierdeadsea-usa.com/pub/media/catalog/product/6/1/61a5d08b24324_B160.jpg
A161e,Classic Luxury Collection Trio Kit,44.99 USD,https://www.premierdeadsea-usa.com/en/classic-luxury-collection-trio-kit,https://www.premierdeadsea-usa.com/pub/media/catalog/product/6/1/61a5d12c999d2_Classic_Luxury_Collection_Trio_Kit_Christmas.jpg
A17e,Dead Sea Aromatic Body Mineral Mud,29.99 USD,https://www.premierdeadsea-usa.com/en/dead-sea-aromatic-mineral-mud,https://www.premierdeadsea-usa.com/pub/media/catalog/product/6/1/6147133904856_A17.jpg
K1,Milk Cleanser,69.99 USD,https://www.premierdeadsea-usa.com/en/milk-cleanser,https://www.premierdeadsea-usa.com/pub/media/catalog/product/6/1/61c879466be3a_A1e.jpg
A21e,Shaving Cream For Men,49.99 USD,https://www.premierdeadsea-usa.com/en/shaving-cream-for-men,https://www.premierdeadsea-usa.com/pub/media/catalog/product/6/1/61c851931cd03_shaving_cream_for_men.jpg
A2e,Skin Toner - Normal To Oily Skin,69.99 USD,https://www.premierdeadsea-usa.com/en/skin-toner-normal-to-oily-skin,https://www.premierdeadsea-usa.com/pub/media/catalog/product/6/1/614b27cf2b218_A2e.jpg
A34e,Classic Luxury Foot Cream,29.99 USD,https://www.premierdeadsea-usa.com/en/luxury-foot-cream,https://www.premierdeadsea-usa.com/pub/media/catalog/product/6/1/614088dc01ed8_A34e.jpg
A48e,Classic Mud Seaweed & Honey Mask - Normal To Oily Skin,179.99 USD,https://www.premierdeadsea-usa.com/en/mud-seaweed-and-honey-mask-for-normal-to-oily-skin-150ml,https://www.premierdeadsea-usa.com/pub/media/catalog/product/6/0/602bd62950627_A48ue.jpg
A49e,"Classic Collagen, Beta-Carotene & Seaweed Mask - Normal To Dry Skin",179.99 USD,https://www.premierdeadsea-usa.com/en/collagen-beta-carotene-seaweed-mask-for-normal-to-dry-skin,https://www.premierdeadsea-usa.com/pub/media/catalog/product/6/0/60572471063ca_A49ue.jpg
A53e,Classic Professional Peeling Mask,109.99 USD,https://www.premierdeadsea-usa.com/en/professional-peeling-mask,https://www.premierdeadsea-usa.com/pub/media/catalog/product/6/1/61c8540ce61e1_A53e.jpg
A54e,Classic Repairing & Regenerating Mask - For Problematic Skin,179.99 USD,https://www.premierdeadsea-usa.com/en/repairing-and-regenerating-mask-for-problematic-skin,https://www.premierdeadsea-usa.com/pub/media/catalog/product/6/0/602bd6739561e_A54e.jpg
A5e,Nourishing Cream For Men,49.99 USD,https://www.premierdeadsea-usa.com/en/nourishing-cream-for-men,https://www.premierdeadsea-usa.com/pub/media/catalog/product/6/1/61c854bd01757_Nourishing_Cream_For_Men_christmas.jpg
A62e,Classic Intense Relief Aromatic Hand Cream,34.99 USD,https://www.premierdeadsea-usa.com/en/intense-relief-aromatic-hand-cream,https://www.premierdeadsea-usa.com/pub/media/catalog/product/6/0/602bd696f0cbd_A62_125ml.jpg
A66e,Dead Sea Aromatic Bath Crystals - Energizing,29.99 USD,https://www.premierdeadsea-usa.com/en/dead-sea-aromatic-bath-crystals-energizing,https://www.premierdeadsea-usa.com/pub/media/catalog/product/6/0/6048b29927182_A66.jpg
A67e,Classic Intense Relief Aromatic Foot Cream,34.99 USD,https://www.premierdeadsea-usa.com/en/intense-relief-aromatic-foot-cream,https://www.premierdeadsea-usa.com/pub/media/catalog/product/6/0/602bd6b0553a3_A67_125ml.jpg
A6e,Dead Sea Salt Scrub - Citris Scent,44.99 USD,https://www.premierdeadsea-usa.com/en/dead-sea-salt-scrub-citrus-scent,https://www.premierdeadsea-usa.com/pub/media/catalog/product/6/0/602bd6f2d4095_A6e.jpg
A75e,Soothing Eye Make-Up Remover,49.99 USD,https://www.premierdeadsea-usa.com/en/soothing-eye-make-up-remover,https://www.premierdeadsea-usa.com/pub/media/catalog/product/6/0/602bd7030200d_A75e.jpg
A76e,Dead Sea Aromatic Salt Scrub - Exotic Scent,59.99 USD,https://www.premierdeadsea-usa.com/en/dead-sea-aromatic-salt-scrub-exotic-scent,https://www.premierdeadsea-usa.com/pub/media/catalog/product/6/1/61c8559a3b8db_dead_sea_aromatic_salt_scrub_exotic_scent_christmas.jpg
A77e,Dead Sea Aromatic Salt Scrub - Breeze Scent,59.99 USD,https://www.premierdeadsea-usa.com/en/dead-sea-aromatic-salt-scrub,https://www.premierdeadsea-usa.com/pub/media/catalog/product/6/1/614714cd73fff_A77.jpg
A78e,Botanic Bath Salt Crystals - Energizing,29.99 USD,https://www.premierdeadsea-usa.com/en/botanic-bath-salt-crystals,https://www.premierdeadsea-usa.com/pub/media/catalog/product/6/1/6147155400631_A78.jpg
A79e,Botanic Bath Salt Crystals - Relaxing,29.99 USD,https://www.premierdeadsea-usa.com/en/botanic-bath-salt-crystals-relaxing,https://www.premierdeadsea-usa.com/pub/media/catalog/product/6/1/614715d8d7205_A79.jpg
A81e,Aromatic Body Butter - Milk And Honey,59.99 USD,https://www.premierdeadsea-usa.com/en/milk-honey-body-butter,https://www.premierdeadsea-usa.com/pub/media/catalog/product/6/1/61c856c8df871_Aromatic_Body_Butter___Milk_And_Honey.jpg
A82e,Aromatic Body Butter - Passion Fruit,59.99 USD,https://www.premierdeadsea-usa.com/en/passion-fruit-body-butter,https://www.premierdeadsea-usa.com/pub/media/catalog/product/6/1/61c857779f7f9_passion_fruit_body_butter_christmas.jpg
A83e,Aromatic Body Butter - Herbal,59.99 USD,https://www.premierdeadsea-usa.com/en/herbal-body-butter,https://www.premierdeadsea-usa.com/pub/media/catalog/product/6/1/61c8583db3a20_herbal_body_butter_christmas.jpg
A85e,Classic Refining Facial Peeling Mask,249.99 USD,https://www.premierdeadsea-usa.com/en/refining-facial-peeling-mask,https://www.premierdeadsea-usa.com/pub/media/catalog/product/6/1/61c85931344ed_A85e.jpg
A86e,Classic Refining Moisture Cream,249.99 USD,https://www.premierdeadsea-usa.com/en/refining-moisture-cream,https://www.premierdeadsea-usa.com/pub/media/catalog/product/6/1/61c859ec41e3e_A86e.jpg
A8e,Anti Perspirant Alcohol Free Deodorant For Men,39.99 USD,https://www.premierdeadsea-usa.com/en/catalog/product/view/id/285/s/anti-perspirant-alcohol-free-deodorant-for-men/,https://www.premierdeadsea-usa.com/pub/media/catalog/product/6/1/613077cfb21f0_A8e.jpg
A99e,Homme After Shave Balm For Men,169.99 USD,https://www.premierdeadsea-usa.com/en/homme-after-shave-balm,https://www.premierdeadsea-usa.com/pub/media/catalog/product/6/1/614b280180298_A99e.jpg
R21,Creamy Highlighter,39.99 USD,https://www.premierdeadsea-usa.com/en/catalog/product/view/id/290/s/creamy-highlighter/,https://www.premierdeadsea-usa.com/pub/media/catalog/product/6/1/614710836c7cb_R2101.jpg
R2101,Creamy Highlighter Glistening Pearl,59.90 USD,https://www.premierdeadsea-usa.com/en/catalog/product/view/id/290/s/creamy-highlighter/#236=344,https://www.premierdeadsea-usa.com/pub/media/catalog/product/6/1/6147113aafe0a_R2101.jpg
R2102,Creamy Highlighter Shimmering Tangerine,59.90 USD,https://www.premierdeadsea-usa.com/en/catalog/product/view/id/290/s/creamy-highlighter/#236=345,https://www.premierdeadsea-usa.com/pub/media/catalog/product/6/1/614712162f231_R2102.jpg
R2103,Creamy Highlighter Gold Infused,59.90 USD,https://www.premierdeadsea-usa.com/en/catalog/product/view/id/290/s/creamy-highlighter/#236=346,https://www.premierdeadsea-usa.com/pub/media/catalog/product/6/1/614712cfe89b9_R2103.jpg
C21,Classic Biox Total Age Defying Cream,249.99 USD,https://www.premierdeadsea-usa.com/en/intensive-age-treatment-cream,https://www.premierdeadsea-usa.com/pub/media/catalog/product/6/1/61b600d2c4964_Classic_Biox_Total_Age_Defying_Cream_Christmas.jpg
C22,Classic Biox Total Age Defying Serum,249.99 USD,https://www.premierdeadsea-usa.com/en/intensive-age-treatment-serum,https://www.premierdeadsea-usa.com/pub/media/catalog/product/6/1/61b60194bf766_Classic_Biox_Total_Age_Defying_Serum_Christmas.jpg
C23,Classic Biox Total Age Defying Eye Cream Gel,239.99 USD,https://www.premierdeadsea-usa.com/en/intensive-age-treatment-eye-cream-gel,https://www.premierdeadsea-usa.com/pub/media/catalog/product/6/0/602bc9afe6935_C23e.jpg
C20,Classic Biox Total Thermal Mask,249.99 USD,https://www.premierdeadsea-usa.com/en/thermal-beauty-experience-mask,https://www.premierdeadsea-usa.com/pub/media/catalog/product/6/1/61656de2c1665_C20e.jpg
K61,Premier Satin Gold Reviving Neck & Décolleté Collagen Mask Treatment,999.00 USD,https://www.premierdeadsea-usa.com/en/premier-satin-gold-reviving-neck-dcollet-collagen-mask-treatment,https://www.premierdeadsea-usa.com/pub/media/catalog/product/6/1/614b23224a5b6_K61.jpg
R1201,Natural Finish Powder Bronzer - Golden,67.50 USD,https://www.premierdeadsea-usa.com/en/catalog/product/view/id/749/s/natural-finish-powder-bronzer/#227=320,https://www.premierdeadsea-usa.com/pub/media/catalog/product/6/1/6146e07c200e6_R1201.jpg
R1202,Natural Finish Powder Bronzer - Terra,67.50 USD,https://www.premierdeadsea-usa.com/en/catalog/product/view/id/749/s/natural-finish-powder-bronzer/#227=321,https://www.premierdeadsea-usa.com/pub/media/catalog/product/6/1/6146e0fd14e05_R1202.jpg
R501,Long Lasting Extra Cover Concealer - 1N Light,59.90 USD,https://www.premierdeadsea-usa.com/en/catalog/product/view/id/388/s/long-lasting-extra-cover-concealer/#228=228,https://www.premierdeadsea-usa.com/pub/media/catalog/product/6/1/6146fe421af5d_R501.jpg
R5,Long Lasting Extra Cover Concealer,39.99 USD,https://www.premierdeadsea-usa.com/en/catalog/product/view/id/388/s/long-lasting-extra-cover-concealer/,https://www.premierdeadsea-usa.com/pub/media/catalog/product/6/1/6146fd363a769_R501.jpg
R502,Long Lasting Extra Cover Concealer - 1.5N Medium,59.90 USD,https://www.premierdeadsea-usa.com/en/catalog/product/view/id/388/s/long-lasting-extra-cover-concealer/#228=229,https://www.premierdeadsea-usa.com/pub/media/catalog/product/6/1/6146ff3b97673_R502.jpg
R503,Long Lasting Extra Cover Concealer - 2N Natural,59.90 USD,https://www.premierdeadsea-usa.com/en/catalog/product/view/id/388/s/long-lasting-extra-cover-concealer/#228=230,https://www.premierdeadsea-usa.com/pub/media/catalog/product/6/1/6147003ddcedc_R503.jpg
R1,Traceless Longwear Perfecting Foundation,54.99 USD,https://www.premierdeadsea-usa.com/en/catalog/product/view/id/397/s/traceless-longwear-perfecting-foundation/,https://www.premierdeadsea-usa.com/pub/media/catalog/product/6/1/6146e82e241c6_R101.jpg
R102,Traceless Longwear Perfecting Foundation -  1C Ivory,75.00 USD,https://www.premierdeadsea-usa.com/en/catalog/product/view/id/397/s/traceless-longwear-perfecting-foundation/#230=297,https://www.premierdeadsea-usa.com/pub/media/catalog/product/6/1/6146e1f0997b9_R102.jpg
R103,Traceless Longwear Perfecting Foundation - 1.5N Cream,75.00 USD,https://www.premierdeadsea-usa.com/en/catalog/product/view/id/397/s/traceless-longwear-perfecting-foundation/#230=298,https://www.premierdeadsea-usa.com/pub/media/catalog/product/6/1/6146e311253e7_R103.jpg
R104,Traceless Longwear Perfecting Foundation - 2N Linen,75.00 USD,https://www.premierdeadsea-usa.com/en/catalog/product/view/id/397/s/traceless-longwear-perfecting-foundation/#230=299,https://www.premierdeadsea-usa.com/pub/media/catalog/product/6/1/6146e419735bd_R104.jpg
R105,Traceless Longwear Perfecting Foundation - 2C pale dune,75.00 USD,https://www.premierdeadsea-usa.com/en/catalog/product/view/id/397/s/traceless-longwear-perfecting-foundation/#230=300,https://www.premierdeadsea-usa.com/pub/media/catalog/product/6/1/6146e51471f42_R105.jpg
R106,Traceless Longwear Perfecting Foundation - 3N natural,75.00 USD,https://www.premierdeadsea-usa.com/en/catalog/product/view/id/397/s/traceless-longwear-perfecting-foundation/#230=301,https://www.premierdeadsea-usa.com/pub/media/catalog/product/6/1/6146e60e475c9_R106.jpg
R107,Traceless Longwear Perfecting Foundation - 3C Dune,75.00 USD,https://www.premierdeadsea-usa.com/en/catalog/product/view/id/397/s/traceless-longwear-perfecting-foundation/#230=302,https://www.premierdeadsea-usa.com/pub/media/catalog/product/6/1/6146e716147df_R107.jpg
R108,Traceless Longwear Perfecting Foundation - 4N warm dune,75.00 USD,https://www.premierdeadsea-usa.com/en/catalog/product/view/id/397/s/traceless-longwear-perfecting-foundation/#230=303,https://www.premierdeadsea-usa.com/pub/media/catalog/product/6/1/6146e81892f30_R108.jpg
R109,Traceless Longwear Perfecting Foundation - 5N bare,75.00 USD,https://www.premierdeadsea-usa.com/en/catalog/product/view/id/397/s/traceless-longwear-perfecting-foundation/#230=304,https://www.premierdeadsea-usa.com/pub/media/catalog/product/6/1/6146e91622497_R109.jpg
R110,Traceless Longwear Perfecting Foundation - 6N warm honey,75.00 USD,https://www.premierdeadsea-usa.com/en/catalog/product/view/id/397/s/traceless-longwear-perfecting-foundation/#230=305,https://www.premierdeadsea-usa.com/pub/media/catalog/product/6/1/6146ea0a993ad_R110.jpg
R303,Skin Iilluminating Rich Cream Foundation - 1.5N Cream,75.00 USD,https://www.premierdeadsea-usa.com/en/catalog/product/view/id/574/s/skin-iilluminating-rich-cream-foundation/#232=349,https://www.premierdeadsea-usa.com/pub/media/catalog/product/6/1/6146f304580b4_R303.jpg
R304,Skin Iilluminating Rich Cream Foundation - 2N Linen,75.00 USD,https://www.premierdeadsea-usa.com/en/catalog/product/view/id/574/s/skin-iilluminating-rich-cream-foundation/#232=350,https://www.premierdeadsea-usa.com/pub/media/catalog/product/6/1/6146f39541640_R304.jpg
R306,Skin Iilluminating Rich Cream Foundation - 3N Natural,75.00 USD,https://www.premierdeadsea-usa.com/en/catalog/product/view/id/574/s/skin-iilluminating-rich-cream-foundation/#232=351,https://www.premierdeadsea-usa.com/pub/media/catalog/product/6/1/6146f4413734d_R306.jpg
R308,Skin Iilluminating Rich Cream Foundation - 4N Warm Dune,75.00 USD,https://www.premierdeadsea-usa.com/en/catalog/product/view/id/574/s/skin-iilluminating-rich-cream-foundation/#232=356,https://www.premierdeadsea-usa.com/pub/media/catalog/product/6/1/6146f4f05fbdf_R308.jpg
R309,Skin Iilluminating Rich Cream Foundation - 5N Bare,54.99 USD,https://www.premierdeadsea-usa.com/en/catalog/product/view/id/574/s/skin-iilluminating-rich-cream-foundation/#232=354,https://www.premierdeadsea-usa.com/pub/media/catalog/product/6/1/6146f25485ee8_R301.jpg
R310,Skin Iilluminating Rich Cream Foundation - 6N Warm Honey,75.00 USD,https://www.premierdeadsea-usa.com/en/catalog/product/view/id/574/s/skin-iilluminating-rich-cream-foundation/#232=355,https://www.premierdeadsea-usa.com/pub/media/catalog/product/6/1/6146f5827c387_R310.jpg
R311,Skin Iilluminating Rich Cream Foundation - 7N Warm Almond,75.00 USD,https://www.premierdeadsea-usa.com/en/catalog/product/view/id/574/s/skin-iilluminating-rich-cream-foundation/#232=358,https://www.premierdeadsea-usa.com/pub/media/catalog/product/6/1/6146f6323bd91_R311.jpg
R312,Skin Iilluminating Rich Cream Foundation - 8N Dusk,75.00 USD,https://www.premierdeadsea-usa.com/en/catalog/product/view/id/574/s/skin-iilluminating-rich-cream-foundation/#232=357,https://www.premierdeadsea-usa.com/pub/media/catalog/product/6/1/6146f6cb63c38_R312.jpg
R801,Satin Wear Lipcolor Paradisio,49.90 USD,https://www.premierdeadsea-usa.com/en/catalog/product/view/id/750/s/satin-wear-lipcolor/#233=370,https://www.premierdeadsea-usa.com/pub/media/catalog/product/6/1/6167d5a99c887_R801.jpg
R802,Satin Wear Lipcolor Temtation,49.90 USD,https://www.premierdeadsea-usa.com/en/catalog/product/view/id/750/s/satin-wear-lipcolor/#233=371,https://www.premierdeadsea-usa.com/pub/media/catalog/product/6/1/6167d65849279_R802.jpg
R803,Satin Wear Lipcolor Rouge,49.90 USD,https://www.premierdeadsea-usa.com/en/catalog/product/view/id/750/s/satin-wear-lipcolor/#233=372,https://www.premierdeadsea-usa.com/pub/media/catalog/product/6/1/6167d7078fcac_R803.jpg
R804,Satin Wear Lipcolor Aphrodite,49.90 USD,https://www.premierdeadsea-usa.com/en/catalog/product/view/id/750/s/satin-wear-lipcolor/#233=373,https://www.premierdeadsea-usa.com/pub/media/catalog/product/6/1/6167d7b59cdda_R804.jpg
R805,Satin Wear Lipcolor Lilac,49.90 USD,https://www.premierdeadsea-usa.com/en/catalog/product/view/id/750/s/satin-wear-lipcolor/#233=374,https://www.premierdeadsea-usa.com/pub/media/catalog/product/6/1/6167d86734b13_R805.jpg
R806,Satin Wear Lipcolor Bare pitch,49.90 USD,https://www.premierdeadsea-usa.com/en/catalog/product/view/id/750/s/satin-wear-lipcolor/#233=375,https://www.premierdeadsea-usa.com/pub/media/catalog/product/6/1/6167d91edfaa0_R806.jpg
R807,Satin Wear Lipcolor Plum,49.90 USD,https://www.premierdeadsea-usa.com/en/catalog/product/view/id/750/s/satin-wear-lipcolor/#233=376,https://www.premierdeadsea-usa.com/pub/media/catalog/product/6/1/6167d9ce93c24_R807.jpg
R808,Satin Wear Lipcolor Lust,49.90 USD,https://www.premierdeadsea-usa.com/en/catalog/product/view/id/750/s/satin-wear-lipcolor/#233=377,https://www.premierdeadsea-usa.com/pub/media/catalog/product/6/1/6167da7c40e20_R808.jpg
R809,Satin Wear Lipcolor Deep Rose,49.90 USD,https://www.premierdeadsea-usa.com/en/catalog/product/view/id/750/s/satin-wear-lipcolor/#233=378,https://www.premierdeadsea-usa.com/pub/media/catalog/product/6/1/6167db23a1d16_R809.jpg
R810,Satin Wear Lipcolor Mustique,49.90 USD,https://www.premierdeadsea-usa.com/en/catalog/product/view/id/750/s/satin-wear-lipcolor/#233=379,https://www.premierdeadsea-usa.com/pub/media/catalog/product/6/1/6167dbcd7af0a_R810.jpg
R811,Satin Wear Lipcolor Sun set,49.90 USD,https://www.premierdeadsea-usa.com/en/catalog/product/view/id/750/s/satin-wear-lipcolor/#233=380,https://www.premierdeadsea-usa.com/pub/media/catalog/product/6/1/6167dc99144d4_R811.jpg
R812,Satin Wear Lipcolor Mystery,49.90 USD,https://www.premierdeadsea-usa.com/en/catalog/product/view/id/750/s/satin-wear-lipcolor/#233=381,https://www.premierdeadsea-usa.com/pub/media/catalog/product/6/1/6167dd5fc2684_R812.jpg
R701,Satin Wear Liquid Lip Color Framboise,32.99 USD,https://www.premierdeadsea-usa.com/en/catalog/product/view/id/751/s/satin-wear-liquid-lip-color/#244=395,https://www.premierdeadsea-usa.com/pub/media/catalog/product/5/f/5f85403665e11_R701.jpg
R702,Satin Wear Liquid Lip Color Bordeaux,32.99 USD,https://www.premierdeadsea-usa.com/en/catalog/product/view/id/751/s/satin-wear-liquid-lip-color/#244=399,https://www.premierdeadsea-usa.com/pub/media/catalog/product/5/f/5f8540837ea1d_R702.jpg
R703,Satin Wear Liquid Lip Color Dark Purple,32.99 USD,https://www.premierdeadsea-usa.com/en/catalog/product/view/id/751/s/satin-wear-liquid-lip-color/#244=398,https://www.premierdeadsea-usa.com/pub/media/catalog/product/5/f/5f8540c795aa6_R703.jpg
R704,Satin Wear Liquid Lip Color Corail,32.99 USD,https://www.premierdeadsea-usa.com/en/catalog/product/view/id/751/s/satin-wear-liquid-lip-color/#244=397,https://www.premierdeadsea-usa.com/pub/media/catalog/product/5/f/5f85410c140cf_R704.jpg
R705,Satin Wear Liquid Lip Color Rosewood,32.99 USD,https://www.premierdeadsea-usa.com/en/catalog/product/view/id/751/s/satin-wear-liquid-lip-color/#244=396,https://www.premierdeadsea-usa.com/pub/media/catalog/product/5/f/5f85414fbaa1d_R705.jpg
R706,Satin Wear Liquid Lip Color Ruby,32.99 USD,https://www.premierdeadsea-usa.com/en/catalog/product/view/id/751/s/satin-wear-liquid-lip-color/#244=400,https://www.premierdeadsea-usa.com/pub/media/catalog/product/5/f/5f8541d50e921_R706.jpg
R707,Satin Wear Liquid Lip Color Light Pink,32.99 USD,https://www.premierdeadsea-usa.com/en/catalog/product/view/id/751/s/satin-wear-liquid-lip-color/#244=401,https://www.premierdeadsea-usa.com/pub/media/catalog/product/5/f/5f85421a3b619_R707.jpg
R708,Satin Wear Liquid Lip Color Nude,32.99 USD,https://www.premierdeadsea-usa.com/en/catalog/product/view/id/751/s/satin-wear-liquid-lip-color/#244=402,https://www.premierdeadsea-usa.com/pub/media/catalog/product/5/f/5f85425e0e218_R708.jpg
R709,Satin Wear Liquid Lip Color Classic Red,32.99 USD,https://www.premierdeadsea-usa.com/en/catalog/product/view/id/751/s/satin-wear-liquid-lip-color/#244=403,https://www.premierdeadsea-usa.com/pub/media/catalog/product/5/f/5f8542ac5b116_R709.jpg
R710,Satin Wear Liquid Lip Color Orange,32.99 USD,https://www.premierdeadsea-usa.com/en/catalog/product/view/id/751/s/satin-wear-liquid-lip-color/#244=404,https://www.premierdeadsea-usa.com/pub/media/catalog/product/5/f/5f8542f388d20_R710.jpg
R1101,Natural Finish Pressed Powder - Warm Sand,75.00 USD,https://www.premierdeadsea-usa.com/en/catalog/product/view/id/633/s/natural-finish-pressed-powder/#238=322,https://www.premierdeadsea-usa.com/pub/media/catalog/product/6/1/614700bed8c9f_R1101.jpg
R1102,Natural Finish Pressed Powder - Sand,75.00 USD,https://www.premierdeadsea-usa.com/en/catalog/product/view/id/633/s/natural-finish-pressed-powder/#238=323,https://www.premierdeadsea-usa.com/pub/media/catalog/product/6/1/61470129b571e_R1102.jpg
R1103,Natural Finish Pressed Powder - Translucent,75.00 USD,https://www.premierdeadsea-usa.com/en/catalog/product/view/id/633/s/natural-finish-pressed-powder/#238=324,https://www.premierdeadsea-usa.com/pub/media/catalog/product/6/1/614701b11e56b_R1103.jpg
R1104,Natural Finish Pressed Powder - Warm,75.00 USD,https://www.premierdeadsea-usa.com/en/catalog/product/view/id/633/s/natural-finish-pressed-powder/#238=325,https://www.premierdeadsea-usa.com/pub/media/catalog/product/6/1/6147021dd404e_R1104.jpg
R1105,Natural Finish Pressed Powder - Golden,75.00 USD,https://www.premierdeadsea-usa.com/en/catalog/product/view/id/633/s/natural-finish-pressed-powder/#238=326,https://www.premierdeadsea-usa.com/pub/media/catalog/product/6/1/61470287417ee_R1105.jpg
R1305,Powder Blush Rose Bronze,59.90 USD,https://www.premierdeadsea-usa.com/en/catalog/product/view/id/792/s/powder-blush/#237=330,https://www.premierdeadsea-usa.com/pub/media/catalog/product/6/1/6147107ad93d6_R1305.jpg
R1301,Powder Blush Rose Essential,59.90 USD,https://www.premierdeadsea-usa.com/en/catalog/product/view/id/792/s/powder-blush/#237=327,https://www.premierdeadsea-usa.com/pub/media/catalog/product/6/1/61470e96b6135_R1301.jpg
R1302,Powder Blush Desire,59.90 USD,https://www.premierdeadsea-usa.com/en/catalog/product/view/id/792/s/powder-blush/#237=328,https://www.premierdeadsea-usa.com/pub/media/catalog/product/6/1/61470f0aea5c2_R1302.jpg
R1303,Powder Blush Golden Sun,59.90 USD,https://www.premierdeadsea-usa.com/en/catalog/product/view/id/792/s/powder-blush/#237=329,https://www.premierdeadsea-usa.com/pub/media/catalog/product/6/1/61470f7d31a20_R1303.jpg
R1304,Powder Blush Rose Petal,59.90 USD,https://www.premierdeadsea-usa.com/en/catalog/product/view/id/792/s/powder-blush/#237=331,https://www.premierdeadsea-usa.com/pub/media/catalog/product/6/1/6147100fe34a4_R1304.jpg
R2,Traceless longwear Satin Matte Foundation,54.99 USD,https://www.premierdeadsea-usa.com/en/catalog/product/view/id/513/s/traceless-longwear-satin-matte-foundation/,https://www.premierdeadsea-usa.com/pub/media/catalog/product/6/1/6146f0891504f_R201.jpg
R202,Traceless longwear Satin Matte Foundation - 1C Ivory,75.00 USD,https://www.premierdeadsea-usa.com/en/catalog/product/view/id/513/s/traceless-longwear-satin-matte-foundation/#231=333,https://www.premierdeadsea-usa.com/pub/media/catalog/product/6/1/6146eb80995bb_R202.jpg
R203,Traceless longwear Satin Matte Foundation - 1.5N Cream,75.00 USD,https://www.premierdeadsea-usa.com/en/catalog/product/view/id/513/s/traceless-longwear-satin-matte-foundation/#231=334,https://www.premierdeadsea-usa.com/pub/media/catalog/product/6/1/6146ec7886503_R203.jpg
R204,Traceless longwear Satin Matte Foundation - 2N Linen,75.00 USD,https://www.premierdeadsea-usa.com/en/catalog/product/view/id/513/s/traceless-longwear-satin-matte-foundation/#231=335,https://www.premierdeadsea-usa.com/pub/media/catalog/product/6/1/6146ed48ead1c_R204.jpg
R205,Traceless longwear Satin Matte Foundation - 2C Pale Dune,75.00 USD,https://www.premierdeadsea-usa.com/en/catalog/product/view/id/513/s/traceless-longwear-satin-matte-foundation/#231=336,https://www.premierdeadsea-usa.com/pub/media/catalog/product/6/1/6146ee30d966f_R205.jpg
R206,Traceless longwear Satin Matte Foundation - 3N Natural,75.00 USD,https://www.premierdeadsea-usa.com/en/catalog/product/view/id/513/s/traceless-longwear-satin-matte-foundation/#231=337,https://www.premierdeadsea-usa.com/pub/media/catalog/product/6/1/6146ef2ea33e4_R206.jpg
R207,Traceless longwear Satin Matte Foundation - 3C Dune,75.00 USD,https://www.premierdeadsea-usa.com/en/catalog/product/view/id/513/s/traceless-longwear-satin-matte-foundation/#231=338,https://www.premierdeadsea-usa.com/pub/media/catalog/product/6/1/6146efa82e5df_R207.jpg
R208,Traceless longwear Satin Matte Foundation - 4N Warm Dune,75.00 USD,https://www.premierdeadsea-usa.com/en/catalog/product/view/id/513/s/traceless-longwear-satin-matte-foundation/#231=339,https://www.premierdeadsea-usa.com/pub/media/catalog/product/6/1/6146f07694323_R208.jpg
R209,Traceless longwear Satin Matte Foundation - 5N Bare,75.00 USD,https://www.premierdeadsea-usa.com/en/catalog/product/view/id/513/s/traceless-longwear-satin-matte-foundation/#231=340,https://www.premierdeadsea-usa.com/pub/media/catalog/product/6/1/6146f1582457e_R209.jpg
R210,Traceless longwear Satin Matte Foundation - 6N Warm Honey,75.00 USD,https://www.premierdeadsea-usa.com/en/catalog/product/view/id/513/s/traceless-longwear-satin-matte-foundation/#231=341,https://www.premierdeadsea-usa.com/pub/media/catalog/product/6/1/6146f2408c379_R210.jpg
R3,Skin Iilluminating Rich Cream Foundation,54.99 USD,https://www.premierdeadsea-usa.com/en/catalog/product/view/id/574/s/skin-iilluminating-rich-cream-foundation/,https://www.premierdeadsea-usa.com/pub/media/catalog/product/6/1/6146f25485ee8_R301.jpg
R18,Quatro Multi Face Palette,89.00 USD,https://www.premierdeadsea-usa.com/en/פלטת-פנים,https://www.premierdeadsea-usa.com/pub/media/catalog/product/6/0/60eab1fbc1299_R18.jpg
R14,Lengthening and Volumizing Mascara,44.90 USD,https://www.premierdeadsea-usa.com/en/lengthening-and-volumizing-mascara,https://www.premierdeadsea-usa.com/pub/media/catalog/product/6/0/60eab31ea786a_R14_2.jpg
R15,Longwear Waterproof Moderate Volume Mascara,44.90 USD,https://www.premierdeadsea-usa.com/en/longwear-waterproof-moderate-volume-mascara,https://www.premierdeadsea-usa.com/pub/media/catalog/product/6/0/60eab415ac452_R15_Longwear_Waterproof_Moderate_Volume_Mascare_with_background.jpg
R16,Definition Liquid Eyeliner,44.90 USD,https://www.premierdeadsea-usa.com/en/definition-liquid-eyeliner,https://www.premierdeadsea-usa.com/pub/media/catalog/product/6/0/60eab4cf6b4e8_R16_Definition_liquid_eyeliner_eith_background.jpg
R6,Moisturizing Lip Gloss,32.99 USD,https://www.premierdeadsea-usa.com/en/catalog/product/view/id/603/s/moisturizing-lip-gloss/,https://www.premierdeadsea-usa.com/pub/media/catalog/product/6/0/602bcfa7016b8_R601.jpg
R601,Moisturizing Lip Gloss Rose Crush,49.90 USD,https://www.premierdeadsea-usa.com/en/catalog/product/view/id/603/s/moisturizing-lip-gloss/#234=359,https://www.premierdeadsea-usa.com/pub/media/catalog/product/6/1/6146f741ea408_R601.jpg
R602,Moisturizing Lip Gloss Sugar Pink,49.90 USD,https://www.premierdeadsea-usa.com/en/catalog/product/view/id/603/s/moisturizing-lip-gloss/#234=360,https://www.premierdeadsea-usa.com/pub/media/catalog/product/6/1/6146f7b034d07_R602.jpg
R603,Moisturizing Lip Gloss Wet Violet,49.90 USD,https://www.premierdeadsea-usa.com/en/catalog/product/view/id/603/s/moisturizing-lip-gloss/#234=361,https://www.premierdeadsea-usa.com/pub/media/catalog/product/6/1/6146f820b3b5d_R603.jpg
R604,Moisturizing Lip Gloss Love Red,49.90 USD,https://www.premierdeadsea-usa.com/en/catalog/product/view/id/603/s/moisturizing-lip-gloss/#234=362,https://www.premierdeadsea-usa.com/pub/media/catalog/product/6/1/6146f90008417_R604.jpg
R605,Moisturizing Lip Gloss Sahara Sparkle,49.90 USD,https://www.premierdeadsea-usa.com/en/catalog/product/view/id/603/s/moisturizing-lip-gloss/#234=363,https://www.premierdeadsea-usa.com/pub/media/catalog/product/6/1/6146f99dd6ae8_R605.jpg
R606,Moisturizing Lip Gloss Rose Nectar,49.90 USD,https://www.premierdeadsea-usa.com/en/catalog/product/view/id/603/s/moisturizing-lip-gloss/#234=364,https://www.premierdeadsea-usa.com/pub/media/catalog/product/6/1/6146fa0ec83ad_R606.jpg
R607,Moisturizing Lip Gloss Peach Absoloute,49.90 USD,https://www.premierdeadsea-usa.com/en/catalog/product/view/id/603/s/moisturizing-lip-gloss/#234=365,https://www.premierdeadsea-usa.com/pub/media/catalog/product/6/1/6146fac132978_R607.jpg
R608,Moisturizing Lip Goss Bourgeoisie,49.90 USD,https://www.premierdeadsea-usa.com/en/catalog/product/view/id/603/s/moisturizing-lip-gloss/#234=366,https://www.premierdeadsea-usa.com/pub/media/catalog/product/6/1/6146fb3622073_R608.jpg
R609,Moisturizing Lip Gloss Romance,49.90 USD,https://www.premierdeadsea-usa.com/en/catalog/product/view/id/603/s/moisturizing-lip-gloss/#234=367,https://www.premierdeadsea-usa.com/pub/media/catalog/product/6/1/6146fba66fde8_R609.jpg
R610,Moisturizing Lip Gloss Tender Spice,49.90 USD,https://www.premierdeadsea-usa.com/en/catalog/product/view/id/603/s/moisturizing-lip-gloss/#234=368,https://www.premierdeadsea-usa.com/pub/media/catalog/product/6/1/6146fc211a89b_R610.jpg
R611,Moisturizing Lip Gloss Hot Pink,49.90 USD,https://www.premierdeadsea-usa.com/en/catalog/product/view/id/603/s/moisturizing-lip-gloss/#234=360,https://www.premierdeadsea-usa.com/pub/media/catalog/product/6/1/6146fc9474551_R611.jpg
R612,Moisturizing Lip Gloss Luscious,49.90 USD,https://www.premierdeadsea-usa.com/en/catalog/product/view/id/603/s/moisturizing-lip-gloss/#234=369,https://www.premierdeadsea-usa.com/pub/media/catalog/product/6/1/6146fd29e8745_R612.jpg
R4,Complexion Enhancing Oil Free Foundation Primer,75.00 USD,https://www.premierdeadsea-usa.com/en/complexion-enhancing-oil-free-foundation-primer,https://www.premierdeadsea-usa.com/pub/media/catalog/product/6/0/60eaaf669a78b_R4.jpg
R11,Natural Finish Pressed Powder,54.99 USD,https://www.premierdeadsea-usa.com/en/catalog/product/view/id/633/s/natural-finish-pressed-powder/,https://www.premierdeadsea-usa.com/pub/media/catalog/product/6/1/614700530d9d3_R1101.jpg
R12,Natural Finish Powder Bronzer,49.99 USD,https://www.premierdeadsea-usa.com/en/catalog/product/view/id/749/s/natural-finish-powder-bronzer/,https://www.premierdeadsea-usa.com/pub/media/catalog/product/6/1/6146dfac44705_R1201.jpg
R8,Satin Wear Lipcolor,32.99 USD,https://www.premierdeadsea-usa.com/en/catalog/product/view/id/750/s/satin-wear-lipcolor/,https://www.premierdeadsea-usa.com/pub/media/catalog/product/6/1/6167dbdc0e497_R801.jpg
R7,Satin Wear Liquid Lip Color,32.99 USD,https://www.premierdeadsea-usa.com/en/catalog/product/view/id/751/s/satin-wear-liquid-lip-color/,https://www.premierdeadsea-usa.com/pub/media/catalog/product/5/f/5f85403eb9525_R701.jpg
R10,Long Wear Luminous Eyeshadow,32.99 USD,https://www.premierdeadsea-usa.com/en/catalog/product/view/id/755/s/long-wear-luminous-eyeshadow/,https://www.premierdeadsea-usa.com/pub/media/catalog/product/6/1/614713415ffeb_R1001_Long_Wear_Luminous_Eyeshadow_Titanium_with_background.jpg
R1001,Long Wear Luminous Eyeshadow Titanium,49.90 USD,https://www.premierdeadsea-usa.com/en/catalog/product/view/id/755/s/long-wear-luminous-eyeshadow/#245=385,https://www.premierdeadsea-usa.com/pub/media/catalog/product/6/1/61470a63a6c1e_R1001.jpg
R1002,Long Wear Luminous Eyeshadow Midnight,49.90 USD,https://www.premierdeadsea-usa.com/en/catalog/product/view/id/755/s/long-wear-luminous-eyeshadow/#245=386,https://www.premierdeadsea-usa.com/pub/media/catalog/product/6/1/61470adead6d0_R1002.jpg
R1003,Long Wear Luminous Eyeshadow Obscure,49.90 USD,https://www.premierdeadsea-usa.com/en/catalog/product/view/id/755/s/long-wear-luminous-eyeshadow/#245=387,https://www.premierdeadsea-usa.com/pub/media/catalog/product/6/1/61470b4ecff05_R1003.jpg
R1004,Long Wear Luminous Eyeshadow Shimmering Bronze,49.90 USD,https://www.premierdeadsea-usa.com/en/catalog/product/view/id/755/s/long-wear-luminous-eyeshadow/#245=388,https://www.premierdeadsea-usa.com/pub/media/catalog/product/6/1/61470bc00208f_R1004.jpg
R1006,Long Wear Luminous Eyeshadow Golden sand,49.90 USD,https://www.premierdeadsea-usa.com/en/catalog/product/view/id/755/s/long-wear-luminous-eyeshadow/#245=390,https://www.premierdeadsea-usa.com/pub/media/catalog/product/6/1/61470c315b701_R1006.jpg
R1007,Long Wear Luminous Eyeshadow Urban Blue,49.90 USD,https://www.premierdeadsea-usa.com/en/catalog/product/view/id/755/s/long-wear-luminous-eyeshadow/#245=391,https://www.premierdeadsea-usa.com/pub/media/catalog/product/6/1/61470ca14922f_R1007.jpg
R1008,Long Wear Luminous Eyeshadow Noir,49.90 USD,https://www.premierdeadsea-usa.com/en/catalog/product/view/id/755/s/long-wear-luminous-eyeshadow/#245=392,https://www.premierdeadsea-usa.com/pub/media/catalog/product/6/1/61470d1543b3e_R1008.jpg
R1009,Long Wear Luminous Eyeshadow Platinium,49.90 USD,https://www.premierdeadsea-usa.com/en/catalog/product/view/id/755/s/long-wear-luminous-eyeshadow/#245=393,https://www.premierdeadsea-usa.com/pub/media/catalog/product/6/1/61470d8a452c4_R1009.jpg
R1010,Long Wear Luminous Eyeshadow Grey,49.90 USD,https://www.premierdeadsea-usa.com/en/catalog/product/view/id/755/s/long-wear-luminous-eyeshadow/#245=394,https://www.premierdeadsea-usa.com/pub/media/catalog/product/6/1/61470e16c40e3_R1010.jpg
R13,Powder Blush,41.99 USD,https://www.premierdeadsea-usa.com/en/catalog/product/view/id/792/s/powder-blush/,https://www.premierdeadsea-usa.com/pub/media/catalog/product/6/1/61470e20a10ad_R1301.jpg
R17,Eye Make Up Remover,54.90 USD,https://www.premierdeadsea-usa.com/en/eye-makeup-remover-1,https://www.premierdeadsea-usa.com/pub/media/catalog/product/6/0/60eab5948bb8b_R17_Eye_Make_Up_Remover_with_background.jpg
B134,Ageless Future Luxury Package,1999.99 USD,https://www.premierdeadsea-usa.com/en/ageless-future-special-set,https://www.premierdeadsea-usa.com/pub/media/catalog/product/5/f/5f8517d7067b6_B134.jpg
A141e,Purifying Mud Mask for Face & Body,49.90 USD,https://www.premierdeadsea-usa.com/en/purifying-mud-mask,https://www.premierdeadsea-usa.com/pub/media/catalog/product/6/1/61c8788827b44_A141e.jpg
K93,Anti-aging Dead Sea Minerals Salt Mask,29.99 USD,https://www.premierdeadsea-usa.com/en/anti-aging-dead-sea-minerals-salt-mask,https://www.premierdeadsea-usa.com/pub/media/catalog/product/6/0/602bd47be9181_K93.jpg
A58e,Multi Purpose Alojodo Cream,39.99 USD,https://www.premierdeadsea-usa.com/en/multi-purpose-alojodo-cream,https://www.premierdeadsea-usa.com/pub/media/catalog/product/6/0/602bd3700c05b_A58_125ml.jpg
N1-1e,Classic Hand & Body Cream,29.99 USD,https://www.premierdeadsea-usa.com/en/luxury-hand-cream,https://www.premierdeadsea-usa.com/pub/media/catalog/product/6/1/616810e35ab65_N1_1_CLASSIC_.jpg
B201,Body Mist Almond & Lotus,49.99 USD,https://www.premierdeadsea-usa.com/en/body-mist-almond-and-lotus,https://www.premierdeadsea-usa.com/pub/media/catalog/product/6/1/619f7865ad1b8_b201.jpg
B202,Body Mist Lemon Grass & Mandarain,49.99 USD,https://www.premierdeadsea-usa.com/en/body-mist-lemon-grass-mandarain,https://www.premierdeadsea-usa.com/pub/media/catalog/product/6/0/602bd3ed078c2_b202.jpg
B203,Body Cream Milk & Honey,39.99 USD,https://www.premierdeadsea-usa.com/en/body-cream-milk-honey,https://www.premierdeadsea-usa.com/pub/media/catalog/product/6/0/602bd3f79f25b_b203.jpg
B204,Shower Cream Milk & Honey,29.99 USD,https://www.premierdeadsea-usa.com/en/shower-cream-milk-honey,https://www.premierdeadsea-usa.com/pub/media/catalog/product/6/0/602bd40c79bd2_b204.jpg
B205,Sparkling Body Gel Milk & Honey,39.99 USD,https://www.premierdeadsea-usa.com/en/sparkling-body-gel-milk-honey,https://www.premierdeadsea-usa.com/pub/media/catalog/product/6/0/602bd42be9618_b205.jpg
A142e,Body Butter,39.99 USD,https://www.premierdeadsea-usa.com/en/body-butter,https://www.premierdeadsea-usa.com/pub/media/catalog/product/6/1/61cabdcbc7133_A142e.jpg
K71,Psoricalm,129.99 USD,https://www.premierdeadsea-usa.com/en/psoricalm,https://www.premierdeadsea-usa.com/pub/media/catalog/product/6/1/614b2642e263e_K71_100ml.jpg
A115,Ultimate Shower Cream,29.99 USD,https://www.premierdeadsea-usa.com/en/ultimate-shower-cream,https://www.premierdeadsea-usa.com/pub/media/catalog/product/6/1/614b264ecb8ef_A115.jpg
A57e,Aromatic Cleansing Facial Gel,39.99 USD,https://www.premierdeadsea-usa.com/en/aromatic-cleansing-facial-gel,https://www.premierdeadsea-usa.com/pub/media/catalog/product/6/1/614b266ea9e81_A57_125ml.jpg
K92,Hydrating Dead Sea Mud Mask,29.99 USD,https://www.premierdeadsea-usa.com/en/hydrating-dead-sea-mud-mask-sheet-mask,https://www.premierdeadsea-usa.com/pub/media/catalog/product/6/0/602bd4959db23_K92.jpg
B183,Dead Sea Soaps & More,49.99 USD,https://www.premierdeadsea-usa.com/en/dead-sea-soaps-and-more,https://www.premierdeadsea-usa.com/pub/media/catalog/product/6/1/614b2626663d1_B183.jpg
B100,Beautifying Nail Kit,59.99 USD,https://www.premierdeadsea-usa.com/en/beautifying-nail-kit-a-stimulating,https://www.premierdeadsea-usa.com/pub/media/catalog/product/6/0/602bd3b86e968_B100.jpg
K91,Lip Line Ampoule Treatment,599.99 USD,https://www.premierdeadsea-usa.com/en/lip-line-ampoule-treatment,https://www.premierdeadsea-usa.com/pub/media/catalog/product/6/1/614b2632a961b_K91.jpg
A7e,Facial Exfoliating Gel,34.99 USD,https://www.premierdeadsea-usa.com/en/facial_exfoliating_gel,https://www.premierdeadsea-usa.com/pub/media/catalog/product/6/1/614b2662d96ec_A7__50ml.jpg
B227,Clear Skin kit - value set,99.90 USD,https://www.premierdeadsea-usa.com/en/clear-skin-kit-value-set,https://www.premierdeadsea-usa.com/pub/media/catalog/product/6/0/602bd4a92dfdc_B227_A142_K81_K82_1.jpg
B228,Body Essentials kit - value Set,69.99 USD,https://www.premierdeadsea-usa.com/en/body-essentials-set,https://www.premierdeadsea-usa.com/pub/media/catalog/product/6/0/60ffcd0a85a4d_B228_A141_A143_K84_1.jpg
B223,Repair and Restore - Face kit,579.90 USD,https://www.premierdeadsea-usa.com/en/repair-and-restore,https://www.premierdeadsea-usa.com/pub/media/catalog/product/6/0/602bd4bda21bf_B223_A10_A18_G104.jpg
B225,Age Defying Performance kit - value set,499.90 USD,https://www.premierdeadsea-usa.com/en/age-defying-performance,https://www.premierdeadsea-usa.com/pub/media/catalog/product/6/0/602bd4d1dbea0_B225_G104_A18_A12.jpg
B232,Anti Wrinkle Triple kit - value set,209.99 USD,https://www.premierdeadsea-usa.com/en/anti-wrinkle-triple,https://www.premierdeadsea-usa.com/pub/media/catalog/product/6/1/61b602f1a0b63_Anti_Wrinkle_Triple_kit___value_set_christmas.jpg
B234,Daily Use Triplekit -  value set,219.99 USD,https://www.premierdeadsea-usa.com/en/daily-use-triple,https://www.premierdeadsea-usa.com/pub/media/catalog/product/6/1/61b603c4d154a_daily_use_triple_christmas.jpg
A143e,"Beautifying Mask Collagen, Beta Carotene and Seaweed",49.99 USD,https://www.premierdeadsea-usa.com/en/beautifying-mask-collagen-beta-carotene-and-seaweed,
K94,Dead Sea Mineral Seaweed Mask,29.99 USD,https://www.premierdeadsea-usa.com/en/oil-control-dead-sea-seaweed-mask,https://www.premierdeadsea-usa.com/pub/media/catalog/product/6/0/602bd49f7a2ba_K94.jpg
k96,Biox Intensive Age Defying 3D Mask,0.00 USD,https://www.premierdeadsea-usa.com/en/biox-intensive-age-defying-3d-mask,https://www.premierdeadsea-usa.com/pub/media/catalog/product/6/1/614b26a77027e_K96_548x730.jpg
K62,Gold Champagne Micro Nectar,950.00 USD,https://www.premierdeadsea-usa.com/en/gold-champagne-micro-nectar,https://www.premierdeadsea-usa.com/pub/media/catalog/product/6/1/61cabe0272fa0_K62.jpg
K63,Gold Champagne Skin Purifier,350.00 USD,https://www.premierdeadsea-usa.com/en/gold-champagne-skin-purifier,https://www.premierdeadsea-usa.com/pub/media/catalog/product/6/1/614b26ec1b067_K63.jpg
K64,Gold Champagne Eye Essence,800.00 USD,https://www.premierdeadsea-usa.com/en/gold-champagne-eye-essence,https://www.premierdeadsea-usa.com/pub/media/catalog/product/6/1/614b26f9d2799_K64.jpg
K65,Gold Champagne Rich Cream,1100.00 USD,https://www.premierdeadsea-usa.com/en/gold-champagne-rich-cream,https://www.premierdeadsea-usa.com/pub/media/catalog/product/6/1/614b2707a5076_K65.jpg
K66,Gold Champagne Mask,1700.00 USD,https://www.premierdeadsea-usa.com/en/gold-champagne-mask,https://www.premierdeadsea-usa.com/pub/media/catalog/product/6/1/614b2715af941_premier_dead_sea_award_winning.jpg
k67,Gold Champagne Collection Set,4700.00 USD,https://www.premierdeadsea-usa.com/en/gold-champagne-collection-set,https://www.premierdeadsea-usa.com/pub/media/catalog/product/6/1/614b2726135de_K67.jpg
B231,Biox classic Anti Aging complete treatment kit - value set,999.00 USD,https://www.premierdeadsea-usa.com/en/biox-classic-anti-aging-complete-treatment-kit,https://www.premierdeadsea-usa.com/pub/media/catalog/product/6/0/602bc7f290e37_B231_C20_C21_C22_C23_K96.jpg
G3e-G2e-G1e,Ageless Future Set,1099.00 USD,https://www.premierdeadsea-usa.com/en/ageless-future-set,
G3e-G2e-G1e-G105e,Ageless Future Total Package,1099.00 USD,https://www.premierdeadsea-usa.com/en/ageless-future-total-package,https://www.premierdeadsea-usa.com/pub/media/catalog/product/5/f/5f855c74409e8_Ci2.jpg
C21-C22-C20,Classic Biox Intensive Age Treatment Set,899.99 USD,https://www.premierdeadsea-usa.com/en/classic-biox-intensive-age-treatment-set,https://www.premierdeadsea-usa.com/pub/media/catalog/product/5/f/5f855ce0629f0_Ci3.jpg
A134e-A137e,Classic Body Butter And Scrub Pack (Passion Fruit),59.99 USD,https://www.premierdeadsea-usa.com/en/classic-body-butter-and-scrub-pack-passion-fruit,https://www.premierdeadsea-usa.com/pub/media/catalog/product/5/f/5f855d64bf5d9_Ci5.jpg
A37e-A34e-A33e-S3e-T6-T7,Classic Complete Day Care Kit,109.99 USD,https://www.premierdeadsea-usa.com/en/classic-complete-day-care-kit,https://www.premierdeadsea-usa.com/pub/media/catalog/product/5/f/5f855dad88637_Ci7.jpg
K41-K27-K26-K24,Age Smart Kit - Normal To Dry Skin,889.99 USD,https://www.premierdeadsea-usa.com/en/age-smart-kit-normal-to-dry-skin,https://www.premierdeadsea-usa.com/pub/media/catalog/product/6/1/614b27336916a_Age_Smart_Kit___Normal_To_Dry_Skin_K41_K27_K26_K24.jpg
K41-K27-K25-K24,Age Smart Kit - Normal To Oily Skin,889.99 USD,https://www.premierdeadsea-usa.com/en/age-smart-kit-normal-to-oily-skin,https://www.premierdeadsea-usa.com/pub/media/catalog/product/6/1/614b274176d5a_Age_Smart_Kit___Normal_To_Oily_Skin_K41_K27_K25_K24.jpg
K38-K37-K36-K35,Ageless Future Snake Venom Full Kit,7299.99 USD,https://www.premierdeadsea-usa.com/en/ageless-future-snake-venom-full-kit,https://www.premierdeadsea-usa.com/pub/media/catalog/product/6/1/614b274fc000a_Ageless_Future_Snake_Venom_Full_Kit_k35_k36_k37_k38.jpg
K34-K33-K32-K31-K30,Prestige Biox Ultra complete Kit,2549.99 USD,https://www.premierdeadsea-usa.com/en/prestige-biox-ultra-complete-kit,https://www.premierdeadsea-usa.com/pub/media/catalog/product/6/1/614b275e17acd_Prestige_Biox_Ultra_complete_Kit_k30_k31_k32_k33_k34.jpg
K12-K11-K10,Prestige Perfection Full Kit,549.99 USD,https://www.premierdeadsea-usa.com/en/prestige-perfection-full-kit,https://www.premierdeadsea-usa.com/pub/media/catalog/product/6/1/614b276c911ed_Ki5.jpg
K39-K29-K28,Prestige White Full Kit,749.99 USD,https://www.premierdeadsea-usa.com/en/prestige-white-full-kit,https://www.premierdeadsea-usa.com/pub/media/catalog/product/6/1/614b277a3c444_Prestige_White_Full_Kit_K39_K29_K28.jpg
PS38-PS37-PS36,Supreme Black Velvet Full Kit,2849.99 USD,https://www.premierdeadsea-usa.com/en/supreme-black-velvet-full-kit,https://www.premierdeadsea-usa.com/pub/media/catalog/product/6/1/619f7a05561ca_SUPREME_BLACK_VELVET_FULL_KIT.jpg
PS7U-PS6U,Supreme Skin Minerals Eye Infusion & Eye Care,899.98 USD,https://www.premierdeadsea-usa.com/en/supreme-skin-minerals-eye-infusion-eye-care,https://www.premierdeadsea-usa.com/pub/media/catalog/product/6/1/619f7a2d90cba_PSi3.jpg
PS18-PS17-PS16-PS15,Supreme Advanced Botu - Age Defying Kit,2549.99 USD,https://www.premierdeadsea-usa.com/en/supreme-advanced-botu-age-defying-kit,https://www.premierdeadsea-usa.com/pub/media/catalog/product/6/1/619f7a56ed933_BOTU_548x730.jpg
PS39-PS14-PS13-PS11-PS10,Supreme Face Lift Kit,2590.00 USD,https://www.premierdeadsea-usa.com/en/supreme-face-lift-kit,https://www.premierdeadsea-usa.com/pub/media/catalog/product/6/1/619f7ab715462_PSi6.jpg
PS20-PS9-PS8-PS7U-PS6U,Supreme Skin Minerals Kit,1899.00 USD,https://www.premierdeadsea-usa.com/en/supreme-skin-minerals-kit,https://www.premierdeadsea-usa.com/pub/media/catalog/product/6/1/619f7af0d67ad_PSi7.jpg
K11,Perfection Refining Moisture Cream,249.99 USD,https://www.premierdeadsea-usa.com/en/perfection-refining-moisture-cream,https://www.premierdeadsea-usa.com/pub/media/catalog/product/6/1/61c8728a5e918_K11_copy.jpg
C37,Alcohol Based Hand Sanitizer Gel,39.90 USD,https://www.premierdeadsea-usa.com/en/alcohol-based-hand-sanitizer-gel,https://www.premierdeadsea-usa.com/pub/media/catalog/product/5/f/5f8564b7a8d80_C37_usa.jpg
A85e-C37-K02-PS21,Sanitizing Facial Health Bundle,309.99 USD,https://www.premierdeadsea-usa.com/en/sanitizing-facial-health-bundle,https://www.premierdeadsea-usa.com/pub/media/catalog/product/5/f/5f84d08d34043_PS21_K02e_A85e_C37_usa.jpg
B233,eye and face triple kit - value set,199.99 USD,https://www.premierdeadsea-usa.com/en/eye-and-face-triple,https://www.premierdeadsea-usa.com/pub/media/catalog/product/6/0/60f8325be7377_B233_K16m_K24m_A56.jpg
B204R,Shower Cream Passion Fruit,29.99 USD,https://www.premierdeadsea-usa.com/en/shower-cream-passion-fruit,https://www.premierdeadsea-usa.com/pub/media/catalog/product/6/0/602bd4172810c_b204_R.jpg
B205R,Sparkling Body Gel Passion Fruit,39.99 USD,https://www.premierdeadsea-usa.com/en/sparkling-body-gel-passion-fruit,https://www.premierdeadsea-usa.com/pub/media/catalog/product/6/0/602bd43661408_b205_R.jpg
A22e,Facial Cleanser For Men,59.90 USD,https://www.premierdeadsea-usa.com/en/facial-cleanser-for-men,https://www.premierdeadsea-usa.com/pub/media/catalog/product/6/1/614b27c254f6b_A22e_125ml.jpg
R23,Central Stage - Powder Brush,84.90 USD,https://www.premierdeadsea-usa.com/en/central-stage-powder-brush,https://www.premierdeadsea-usa.com/pub/media/catalog/product/6/0/602bd5d273688_R23_Powder_Brush_548x730.jpg
R24,Central Stage - Blush Brush,88.00 USD,https://www.premierdeadsea-usa.com/en/blush-brush,https://www.premierdeadsea-usa.com/pub/media/catalog/product/6/0/60eadae137415_R24_Blush_Brush_548x730.jpg
R25,Central Stage - Concealer Brush,55.00 USD,https://www.premierdeadsea-usa.com/en/concealer-brush,https://www.premierdeadsea-usa.com/pub/media/catalog/product/6/0/60eadb574612f_R25_Concealer_Brush_548x730.jpg
R26,Central Stage - Eyeshadow brush,45.00 USD,https://www.premierdeadsea-usa.com/en/eye-shadow-brush,https://www.premierdeadsea-usa.com/pub/media/catalog/product/6/0/60eadbcdbd775_R26_Eyeshadow_brush_548x730.jpg
R27,Central Stage - Blending shadow brush,45.00 USD,https://www.premierdeadsea-usa.com/en/blending-shadow-brush,https://www.premierdeadsea-usa.com/pub/media/catalog/product/6/0/60eadc4da1837_R27_Blending_shadow_brush_548x730.jpg
R28,Central Stage - Cupping Brush,75.00 USD,https://www.premierdeadsea-usa.com/en/face-brush,https://www.premierdeadsea-usa.com/pub/media/catalog/product/6/0/60eadcc968add_R28_Cupping_brush_548x730.jpg
R29,Central Stage - Tow Brush,75.00 USD,https://www.premierdeadsea-usa.com/en/liquid-brush,https://www.premierdeadsea-usa.com/pub/media/catalog/product/6/0/60eadd438d739_R29_Tow_Brush_548x730.jpg
R30,Central Stage - Primer Brush,65.00 USD,https://www.premierdeadsea-usa.com/en/primer-brush,https://www.premierdeadsea-usa.com/pub/media/catalog/product/6/0/60eadde0409a7_R30_Primer_brush_548x730.jpg
R31,Central Stage - Lip Brush,45.00 USD,https://www.premierdeadsea-usa.com/en/lip-brush,https://www.premierdeadsea-usa.com/pub/media/catalog/product/6/0/60eade5e4d587_R31_Lip_Brush_548x730.jpg
R32,Central Stage - Eyebrow Brush,39.00 USD,https://www.premierdeadsea-usa.com/en/eyebrow-brush,https://www.premierdeadsea-usa.com/pub/media/catalog/product/6/0/60eadee591d98_R32_Eyebrow_Brush_548x730.jpg
K3,Mineral micellar cleansing water,99.90 USD,https://www.premierdeadsea-usa.com/en/mineral-micellar-cleansing-water,https://www.premierdeadsea-usa.com/pub/media/catalog/product/6/1/614b27dd60f91_K3_548X730.jpg
PS21,Supreme Brightening And Pore Clarifying Cleansing Foam,99.99 USD,https://www.premierdeadsea-usa.com/en/supreme-brightening-and-pore-clarifying-cleansing-foam,https://www.premierdeadsea-usa.com/pub/media/catalog/product/6/1/614b15b051ead_PS21.jpg
R1005,Long Wear Luminous Eyeshadow Jade,49.90 USD,https://www.premierdeadsea-usa.com/en/catalog/product/view/id/755/s/long-wear-luminous-eyeshadow/#245=389,https://www.premierdeadsea-usa.com/pub/media/catalog/product/6/1/614713b10730b_R1005.jpg
R9,CC Hydrating Color Correcting Moisture Cream,49.99 USD,https://www.premierdeadsea-usa.com/en/catalog/product/view/id/1058/s/cc-hydrating-color-correcting-moisture-cream/,https://www.premierdeadsea-usa.com/pub/media/catalog/product/6/0/602bd0911827c_R901.jpg
R901,CC Hydrating Color Correcting Moisture Cream - 1.5N Light,49.99 USD,https://www.premierdeadsea-usa.com/en/catalog/product/view/id/1058/s/cc-hydrating-color-correcting-moisture-cream/#235=382,https://www.premierdeadsea-usa.com/pub/media/catalog/product/6/0/602bd06d6bee2_R901.jpg
R902,CC Hydrating Color Correcting Moisture Cream - 3N Medium,49.99 USD,https://www.premierdeadsea-usa.com/en/catalog/product/view/id/1058/s/cc-hydrating-color-correcting-moisture-cream/#235=383,https://www.premierdeadsea-usa.com/pub/media/catalog/product/6/0/602bd07f20901_R902.jpg
R903,CC Hydrating Color Correcting Moisture Cream - 4N Natural,49.99 USD,https://www.premierdeadsea-usa.com/en/catalog/product/view/id/1058/s/cc-hydrating-color-correcting-moisture-cream/#235=384,https://www.premierdeadsea-usa.com/pub/media/catalog/product/6/0/602bd09aac968_R903.jpg
G104e,Classic Concentrated Facial Serum With Vitamins E & C,199.99 USD,https://www.premierdeadsea-usa.com/en/concentrated-facial-serum-with-vitamins-ec,https://www.premierdeadsea-usa.com/pub/media/catalog/product/6/1/61c87138262e6_G104e.jpg
G10E,Quartz Gem Lifting Serum,1399.99 USD,https://www.premierdeadsea-usa.com/en/quartz-gem-lifting-serum,https://www.premierdeadsea-usa.com/pub/media/catalog/product/6/1/61cab8879ce2c_G10e.jpg
G11E,Quartz Gem Liquid Ice Lifting Cream,1299.99 USD,https://www.premierdeadsea-usa.com/en/quartz-gem-lifting-cream,https://www.premierdeadsea-usa.com/pub/media/catalog/product/6/1/614b19529ff94_G11e.jpg
G12E,Quartz Gem Metamorphosis Lifting Mask,1429.99 USD,https://www.premierdeadsea-usa.com/en/quartz-gem-lifting-mask,https://www.premierdeadsea-usa.com/pub/media/catalog/product/6/1/614b199b20279_G12e.jpg
G13E,Quartz Gem Brightening Under Eye Treatment,1099.99 USD,https://www.premierdeadsea-usa.com/en/quartz-gem-brightening-under-eye-treatment,https://www.premierdeadsea-usa.com/pub/media/catalog/product/6/1/614b19dc65958_QUARTZ_GEM_BRIGHTENING_UNDER_EYE_TREATMENT_G13.jpg
G15e,Rose Quartz Gemstone,99.99 USD,https://www.premierdeadsea-usa.com/en/rose-quartz-gemstone,https://www.premierdeadsea-usa.com/pub/media/catalog/product/6/1/614b24e852858_G15e.jpg
G15e-G13e-G12e-G11e-G10e,24H Quartz Gem Stem Cell Kit,4900.00 USD,https://www.premierdeadsea-usa.com/en/24h-quartz-gem-stem-cell-kit,https://www.premierdeadsea-usa.com/pub/media/catalog/product/6/1/614b279bdfa2a_24H_QUARTZ_GEM_STEM_CELL_KIT.jpg
A37e,Classic Luxury Facial Cleanser With Micro Grains,34.99 USD,https://www.premierdeadsea-usa.com/en/luxury-facial-cleanser-with-micro-grains-h,https://www.premierdeadsea-usa.com/pub/media/catalog/product/6/1/61c852efa82fb_A37e.jpg
A56e,Classic Eye Serum,199.99 USD,https://www.premierdeadsea-usa.com/en/eye-serum,https://www.premierdeadsea-usa.com/pub/media/catalog/product/6/1/615c41fdbe842_A56e.jpg
A69e,Classic Para Pharmaceutical Facial Exfoliating & cleansing Gel,49.99 USD,https://www.premierdeadsea-usa.com/en/para-pharmaceutical-facial-exfoliating-gel,https://www.premierdeadsea-usa.com/pub/media/catalog/product/6/1/61b5c351c6cf1_para_pharmaceutical_facial_exfoliating_gel_Christmas.jpg
A116,Aromatic Body Butter -  Almond & Lotus,59.99 USD,https://www.premierdeadsea-usa.com/en/almond-lotus-body-butter,https://www.premierdeadsea-usa.com/pub/media/catalog/product/6/1/61c84b0cec8ea_almond_lotus_body_butter_christmas.jpg
A117,Almond & Lotus Salt Scrub,49.99 USD,https://www.premierdeadsea-usa.com/en/almond-and-lotus-salt-scrub,https://www.premierdeadsea-usa.com/pub/media/catalog/product/6/1/61c877e346aca_A117.jpg
A119,Lemongrass & Mandarin Salt Scrub,49.99 USD,https://www.premierdeadsea-usa.com/en/lemongrass-mandarin-salt-scrub,https://www.premierdeadsea-usa.com/pub/media/catalog/product/6/0/602bcf17cf0cf_A119.jpg
C2e,Classic Moisture Cream - For Normal To Oily Skin,109.99 USD,https://www.premierdeadsea-usa.com/en/crema-hidratante-clasica-para-pieles-normales-a-grasas,https://www.premierdeadsea-usa.com/pub/media/catalog/product/6/0/605723d598e4b_C2e.jpg
C3e,Moisture Cream - For dry Skin,109.99 USD,https://www.premierdeadsea-usa.com/en/crema-hidratante-para-pieles-secas,https://www.premierdeadsea-usa.com/pub/media/catalog/product/6/0/602bd387a2a72_C3e.jpg
B203-R,Body Cream Passion Fruit,39.99 USD,https://www.premierdeadsea-usa.com/en/body-cream-passion-fruit,https://www.premierdeadsea-usa.com/pub/media/catalog/product/6/0/602bd401caf3c_b203_R.jpg
A18e,Classic Age Defying Cream,129.99 USD,https://www.premierdeadsea-usa.com/en/anti-wrinkle-cream,https://www.premierdeadsea-usa.com/pub/media/catalog/product/6/1/61c850bdafe23_A18e.jpg
B161,Classic Dead Sea Luxury Skin Care Collection - Moisturize & Foot,39.99 USD,https://www.premierdeadsea-usa.com/en/skin-care-collection-mosturize-and-foot,https://www.premierdeadsea-usa.com/pub/media/catalog/product/6/0/602bc83057c05_B161.jpg
B184,Classic Facial Cleansing And Clarifying Kit,69.99 USD,https://www.premierdeadsea-usa.com/en/classic-facial-cleansing-and-clarifying-kit,https://www.premierdeadsea-usa.com/pub/media/catalog/product/6/0/602bc839bab8f_B184.jpg
B190,Classic Miracle & Peeling Kit,439.99 USD,https://www.premierdeadsea-usa.com/en/classic-miracle-and-peeling-kit,https://www.premierdeadsea-usa.com/pub/media/catalog/product/6/0/602bc85775f34_B190.jpg
B200,Facial Duo,459.99 USD,https://www.premierdeadsea-usa.com/en/facial-duo,https://www.premierdeadsea-usa.com/pub/media/catalog/product/6/1/614b18b2f3fa8_Dead_Sea_Premier_facial_duo_cream_and_mask.jpg
B40,Classic Duo Kit Box,49.99 USD,https://www.premierdeadsea-usa.com/en/duo-kit-box,https://www.premierdeadsea-usa.com/pub/media/catalog/product/6/1/61b5fdc277c34_Classic_Duo_Kit_Box_Christmas.jpg
B43,Classic Travel Trio Gift Set,34.99 USD,https://www.premierdeadsea-usa.com/en/the-luxury-collection-spa-treatment,https://www.premierdeadsea-usa.com/pub/media/catalog/product/6/0/602bc878237cd_B43.jpg
B45,Classic Pour Homme Shave & Cleanse Kit,89.99 USD,https://www.premierdeadsea-usa.com/en/pour-homme-shave-cleanse-kit,https://www.premierdeadsea-usa.com/pub/media/catalog/product/6/1/614b18d69e8a8_B45.jpg
C11,Dead Sea Mud Mask,49.99 USD,https://www.premierdeadsea-usa.com/en/dead-sea-mud-mask,https://www.premierdeadsea-usa.com/pub/media/catalog/product/6/1/61c8701599df0_C11.jpg
C12,Dead Sea Mud Face Serum,49.99 USD,https://www.premierdeadsea-usa.com/en/dead-sea-mud-face-serum,https://www.premierdeadsea-usa.com/pub/media/catalog/product/6/1/61c8707295827_C12.jpg
C13,Dead Sea Mud Cream,49.99 USD,https://www.premierdeadsea-usa.com/en/dead-sea-mud-cream,https://www.premierdeadsea-usa.com/pub/media/catalog/product/6/1/61c870d202459_C13.jpg
K10,Perfection Refining Facial Peeling Mask,249.99 USD,https://www.premierdeadsea-usa.com/en/perfection-refining-facial-peeling-mask,https://www.premierdeadsea-usa.com/pub/media/catalog/product/6/1/61c871dc189e8_K10_copy.jpg
K12,Perfection Bio-Performance Liposome Gel-Serum,109.99 USD,https://www.premierdeadsea-usa.com/en/perfection-bioperformance-liposome-gelserum,https://www.premierdeadsea-usa.com/pub/media/catalog/product/6/1/61c8733784203_K12_35_ml_bottle.jpg
K13,Prestige Miracle Noir Mask,399.99 USD,https://www.premierdeadsea-usa.com/en/prestige-miracle-noir-mask-christmas,https://www.premierdeadsea-usa.com/pub/media/catalog/product/6/1/61c873e06c1d5_K13.jpg
K14,Prestige Moisture Complex - Normal To Dry Skin,249.99 USD,https://www.premierdeadsea-usa.com/en/prestige-moisture-complex-normal-to-dry-skin,https://www.premierdeadsea-usa.com/pub/media/catalog/product/6/1/61c874aa0e5cd_K14.jpg
K15,Prestige Moisture Complex - Normal To Oily Skin,249.99 USD,https://www.premierdeadsea-usa.com/en/prestige-moisture-complex-normal-to-oily-skin,https://www.premierdeadsea-usa.com/pub/media/catalog/product/6/1/61c8756943ce9_K15.jpg
K16,Prestige Eye Cream - For Sensitive Skin,299.99 USD,https://www.premierdeadsea-usa.com/en/prestige-eye-cream-for-sensitive-skin,https://www.premierdeadsea-usa.com/pub/media/catalog/product/6/1/61cab8fc17ff2_K16_copy.jpg
B3e,Classic Pearl Whitening Cream,149.99 USD,https://www.premierdeadsea-usa.com/en/pearl-whitening-reflecting-cream-complex,https://www.premierdeadsea-usa.com/pub/media/catalog/product/6/1/61c846e3660c5_B3e.jpg
C1e,Classic Moisture Cream - Normal To Dry Skin,109.99 USD,https://www.premierdeadsea-usa.com/en/moisture-cream,https://www.premierdeadsea-usa.com/pub/media/catalog/product/6/0/602bc8e8e868d_C1e.jpg
C5e,Classic Instant Stretching & Revitalizing Mask,169.99 USD,https://www.premierdeadsea-usa.com/en/instant-stretching-and-revitalizing,https://www.premierdeadsea-usa.com/pub/media/catalog/product/6/1/61c847e07dd47_Classic_Instant_Stretching___Revitalizing_Mask_christmas.jpg
C7e,Classic Neck Cream,179.99 USD,https://www.premierdeadsea-usa.com/en/neck-cream,https://www.premierdeadsea-usa.com/pub/media/catalog/product/6/1/61c848d7c5533_C7e.jpg
G105e,Ageless Future Deep Wrinkle Filler,299.99 USD,https://www.premierdeadsea-usa.com/en/deep-wrinkle-filler,https://www.premierdeadsea-usa.com/pub/media/catalog/product/6/0/602bc923841d1_G105e.jpg
G1e,Ageless Future Detoxifying Mask,299.99 USD,https://www.premierdeadsea-usa.com/en/cell-renewal-mask,https://www.premierdeadsea-usa.com/pub/media/catalog/product/6/0/608e860a83b2f_G1e.jpg
G2e,Ageless Future Cell Renewal Cream,299.99 USD,https://www.premierdeadsea-usa.com/en/cell-renewal-cream,https://www.premierdeadsea-usa.com/pub/media/catalog/product/6/0/602bc960bfd7b_G2e.jpg
G3e,Ageless Future Cell Renewal Serum,299.99 USD,https://www.premierdeadsea-usa.com/en/cell-renewal-serum,https://www.premierdeadsea-usa.com/pub/media/catalog/product/6/0/602bc96ae84bc_G3e.jpg
K17,Prestige Night Cream Complex - All Skin Types,249.99 USD,https://www.premierdeadsea-usa.com/en/prestige-night-cream-complex-all-skin-types,https://www.premierdeadsea-usa.com/pub/media/catalog/product/6/1/61cab98a23a12_K17.jpg
K18,Prestige Day Cream Complex -  Normal To Dry Skin,199.99 USD,https://www.premierdeadsea-usa.com/en/prestige-day-cream-complex--normal-to-dry-skin-,https://www.premierdeadsea-usa.com/pub/media/catalog/product/6/1/61caba0f54e89_K18.jpg
K19,Prestige Day Cream Complex - Normal To Oily Skin,199.99 USD,https://www.premierdeadsea-usa.com/en/prestige-day-cream-complex-normal-to-oily-skin,https://www.premierdeadsea-usa.com/pub/media/catalog/product/6/1/61caba581086c_K19.jpg
K20,Prestige Moisturizing Emulsion,229.99 USD,https://www.premierdeadsea-usa.com/en/prestige-moisturizing-emulsion-christmas,https://www.premierdeadsea-usa.com/pub/media/catalog/product/6/1/61c87613eecc9_K20.jpg
K21,Prestige Professional Peeling Mask,149.99 USD,https://www.premierdeadsea-usa.com/en/prestige-professional-peeling-mask,https://www.premierdeadsea-usa.com/pub/media/catalog/product/6/1/61caba981fb95_K21.jpg
K22,Prestige Eye Serum - Eye Contour Age -Defying Fluid,299.99 USD,https://www.premierdeadsea-usa.com/en/prestige-eye-serum-eye-contour-age-defying-fluid,https://www.premierdeadsea-usa.com/pub/media/catalog/product/6/1/61c876a8d37ba_K22.jpg
K23,Prestige Concentrated Facial Serum With Vitamins C&E,249.99 USD,https://www.premierdeadsea-usa.com/en/prestige-concentrated-facial-serum-with-vitamins-ce,https://www.premierdeadsea-usa.com/pub/media/catalog/product/6/1/61c87745c294e_K23_white.jpg
K24,Age Smart Age Defying Cream - All Skin Types,299.99 USD,https://www.premierdeadsea-usa.com/en/age-smart-age-defying-cream-all-skin-types,https://www.premierdeadsea-usa.com/pub/media/catalog/product/6/1/61656b540167a_K24.jpg
K25,"Age Smart Mud, Seaweed, And Honey Mask - Normal To Oily Skin",329.99 USD,https://www.premierdeadsea-usa.com/en/age-smart-mud-seaweed-and-honey-mask-normal-to-oily-skin,https://www.premierdeadsea-usa.com/pub/media/catalog/product/6/1/614b1e5fe595a_K25_70ml.jpg
K26,"Age Smart Collagen, Beta-Carotene, And Seaweed Mask - Normal To Dry Skin",329.99 USD,https://www.premierdeadsea-usa.com/en/age-smart-collagen-betacarotene-and-seaweed-mask-normal-to-dry-skin,https://www.premierdeadsea-usa.com/pub/media/catalog/product/6/1/614b1ea00f077_K26_70ml.jpg
K27,Age Smart Décolletage & Neck Age - Defying Collagen And Beta-Carotene Serum,299.99 USD,https://www.premierdeadsea-usa.com/en/age-smart-dcolletage-neck-age--defying-collagen-and-betacarotene-serum,https://www.premierdeadsea-usa.com/pub/media/catalog/product/6/1/614b1ee15b683_K27.jpg
K28,Prestige White Pearl Whitening Cream Complex - All Skin Types,249.99 USD,https://www.premierdeadsea-usa.com/en/prestige-white-pearl-whitening-cream-complex-all-skin-types,https://www.premierdeadsea-usa.com/pub/media/catalog/product/6/1/614b1f2763d43_K28.jpg
K29,Prestige White Pearl Whitening Serum,249.99 USD,https://www.premierdeadsea-usa.com/en/prestige-white-pearl-whitening-serum,https://www.premierdeadsea-usa.com/pub/media/catalog/product/6/1/614b1f6a9cb73_K29.jpg
K32n,Biox Ultra Intensive Age - Defying Serum,599.99 USD,https://www.premierdeadsea-usa.com/en/biox-ultra-intensive-age-defying-serum,https://www.premierdeadsea-usa.com/pub/media/catalog/product/6/1/61964b6c254a7_K32_548x730.jpg
K33n,Biox Ultra Intensive Age - Defying Eye Cream Gel,449.99 USD,https://www.premierdeadsea-usa.com/en/biox-ultra-intensive-age-defying-eye-cream-gel-,https://www.premierdeadsea-usa.com/pub/media/catalog/product/6/1/61964c778715d_K33_548x730.jpg
K34,Biox Ultra Intensive Age - Defying Eye Mask,429.99 USD,https://www.premierdeadsea-usa.com/en/biox-ultra-intensive-age-defying-eye-mask,https://www.premierdeadsea-usa.com/pub/media/catalog/product/6/1/614b20b7052d8_K34.jpg
K35,Ageless Future  Snake Venom Detoxifying Mask,2199.99 USD,https://www.premierdeadsea-usa.com/en/ageless-future-snake-venom-detoxifying-mask,https://www.premierdeadsea-usa.com/pub/media/catalog/product/6/1/614b20f8a2e27_K35.jpg
K36,Ageless Future Snake Venom Cell Renewal Cream,1799.99 USD,https://www.premierdeadsea-usa.com/en/ageless-future-snake-venom-cell-renewal-cream,https://www.premierdeadsea-usa.com/pub/media/catalog/product/6/1/614b2138a6ce7_K36.jpg
K37,Ageless Future  Snake Venom Cell Renewal Serum,1899.99 USD,https://www.premierdeadsea-usa.com/en/ageless-future-snake-venom-cell-renewal-serum,https://www.premierdeadsea-usa.com/pub/media/catalog/product/6/1/614b21790adff_K37.jpg
K38,Ageless Future  Snake Venom Deep Wrinkle Filler,1599.99 USD,https://www.premierdeadsea-usa.com/en/ageless-future-snake-venom-deep-wrinkle-filler,https://www.premierdeadsea-usa.com/pub/media/catalog/product/6/1/614b21b9d11fd_K38.jpg
K39,Prestige White Pearl Spot Whitening Treatment,299.99 USD,https://www.premierdeadsea-usa.com/en/prestige-white-pearl-spot-whitening-treatment,https://www.premierdeadsea-usa.com/pub/media/catalog/product/6/1/614b22072f1ce_K39.jpg
K40,Gentle Self Foaming Mousse Cleanser,89.99 USD,https://www.premierdeadsea-usa.com/en/gentle-foaming-mousse-cleanser,https://www.premierdeadsea-usa.com/pub/media/catalog/product/6/1/61656c97b9aad_K40.jpg
K41,Neck Age Defying Collagen And Beta Carotene Cream,314.99 USD,https://www.premierdeadsea-usa.com/en/neck-age-defying-collagen-and-beta-carotene-cream,https://www.premierdeadsea-usa.com/pub/media/catalog/product/6/1/614b22695f662_K41.jpg
K42,"""Wrinkle Attack"" Miracle Cream Wand",699.99 USD,https://www.premierdeadsea-usa.com/en/wrinkle-attack-miracle-cream-wand,https://www.premierdeadsea-usa.com/pub/media/catalog/product/6/1/614b22add921c_k42.jpg
K60,Diamond Masterpiece Intense Recovery Mask Treatment,2990.00 USD,https://www.premierdeadsea-usa.com/en/diamond-masterpiece-intense-recovery-mask-treatment,https://www.premierdeadsea-usa.com/pub/media/catalog/product/6/1/614b22e938010_K60.jpg
K70,Mask For Problematic Skin- For Acne Prone Or Damaged Skin,249.99 USD,https://www.premierdeadsea-usa.com/en/mask-for-problematic-skin-for-acne-prone-or-damaged-skin,https://www.premierdeadsea-usa.com/pub/media/catalog/product/6/1/614b235e855f4_K70_70ml.jpg
PS10,Supreme Face Lift Cream,399.99 USD,https://www.premierdeadsea-usa.com/en/face-lift-cream,https://www.premierdeadsea-usa.com/pub/media/catalog/product/6/1/614b14ea8f7aa_PS10.jpg
PS11,Supreme Lifting Intensifier,499.99 USD,https://www.premierdeadsea-usa.com/en/supreme-lifting-intensifier,https://www.premierdeadsea-usa.com/pub/media/catalog/product/6/1/614b14fd3352d_PS11.jpg
PS12,Supreme Instant Tightening Face Lift,799.00 USD,https://www.premierdeadsea-usa.com/en/supreme-instant-tightening-face-lift,https://www.premierdeadsea-usa.com/pub/media/catalog/product/6/1/614b150df2ce8_PS12.jpg
PS13,Supreme Elastin And Beta Carotene Lifting Mask,399.99 USD,https://www.premierdeadsea-usa.com/en/supreme-elastin-lifting-mask,https://www.premierdeadsea-usa.com/pub/media/catalog/product/6/1/61c82e4995802_Supreme_Elastin_And_Beta_Carotene_Lifting_Mask_Christmas.jpg
PS14,Supreme Lifting Neck Serum,599.99 USD,https://www.premierdeadsea-usa.com/en/supreme-lifting-neck-serum,https://www.premierdeadsea-usa.com/pub/media/catalog/product/6/1/614b153170e68_PS14.jpg
PS15,Supreme Advanced Botu Cream,599.99 USD,https://www.premierdeadsea-usa.com/en/supreme-advanced-boto-cream,https://www.premierdeadsea-usa.com/pub/media/catalog/product/6/1/61c82efcdfc43_PS15_548x730.jpg
PS16,Supreme Advanced Botu Serum,599.99 USD,https://www.premierdeadsea-usa.com/en/supreme-advanced-boto-serum,https://www.premierdeadsea-usa.com/pub/media/catalog/product/6/1/614b1555c7bdd_PS16_548x730.jpg
PS17,Supreme Advanced Botu Mask,699.99 USD,https://www.premierdeadsea-usa.com/en/supreme-advanced-boto-mask,https://www.premierdeadsea-usa.com/pub/media/catalog/product/6/1/61c82fb474d8e_PS17_548x730.jpg
PS18,Supreme Advanced Botu Targeted Wrinkle Filler,799.99 USD,https://www.premierdeadsea-usa.com/en/supreme-advanced-boto-targeted-wrinkle-filler,https://www.premierdeadsea-usa.com/pub/media/catalog/product/6/1/614b157a06e41_PS18_548x730.jpg
PS1,Supreme Perfecting Peeling Gel,199.99 USD,https://www.premierdeadsea-usa.com/en/perfecting-peeling-gel,https://www.premierdeadsea-usa.com/pub/media/catalog/product/6/1/61cabb14ea6dd_PS1_548x730.jpg
PS20,Supreme Skin Minerals Age Defying Cream,349.00 USD,https://www.premierdeadsea-usa.com/en/supreme-skin-minerals-age-defying-cream,https://www.premierdeadsea-usa.com/pub/media/catalog/product/6/1/614b159dd2143_PS20.jpg
PS2,Supreme Perfecting Cream,199.99 USD,https://www.premierdeadsea-usa.com/en/perfecting-cream,https://www.premierdeadsea-usa.com/pub/media/catalog/product/6/1/61cabb4cdbc18_PS2_548x730.jpg
PS3,Supreme Cleansing Cream,69.99 USD,https://www.premierdeadsea-usa.com/en/supreme-cleansing-cream,https://www.premierdeadsea-usa.com/pub/media/catalog/product/6/1/614b15d231ddf_PS3.jpg
PS30,Supreme Body Souffle - Velvet Collection,69.99 USD,https://www.premierdeadsea-usa.com/en/velvet-collection-body-cream,https://www.premierdeadsea-usa.com/pub/media/catalog/product/6/1/61b5bf4d7169d_velvet_collection_body_cream_Christmas.jpg
PS31,Supreme Body Souffle - Cashmere Collection,69.99 USD,https://www.premierdeadsea-usa.com/en/cashmere-collection-body-cream,https://www.premierdeadsea-usa.com/pub/media/catalog/product/6/1/614b15f2541e8_PS31.jpg
PS32,Supreme Aromatherapy Remedies Salt Scrub - Velvet Collection,69.99 USD,https://www.premierdeadsea-usa.com/en/aromatherapy-remedies-salt-scrub-velvet-collection,https://www.premierdeadsea-usa.com/pub/media/catalog/product/6/1/614b160277ce0_PS32.jpg
PS33,Supreme Aromatherapy Remedies Salt Scrub - Cashmere  Collection,69.99 USD,https://www.premierdeadsea-usa.com/en/aromatherapy-remedies-salt-scrub-cashmere-collection,https://www.premierdeadsea-usa.com/pub/media/catalog/product/6/1/614b161250021_PS33.jpg
PS36,Black Velvet Skin Transforming Essence,989.99 USD,https://www.premierdeadsea-usa.com/en/supreme-black-velevt-skin-essense,https://www.premierdeadsea-usa.com/pub/media/catalog/product/6/1/61cabb8153a77_PS36.jpg
PS37,Black Velvet Skin Transforming Cream,899.99 USD,https://www.premierdeadsea-usa.com/en/supreme-black-velvet-cream,https://www.premierdeadsea-usa.com/pub/media/catalog/product/6/1/61cabbfb9366d_PS37.jpg
PS38,Black Velvet Skin Transforming Mask,1089.99 USD,https://www.premierdeadsea-usa.com/en/supreme-balck-velvet-mask,https://www.premierdeadsea-usa.com/pub/media/catalog/product/6/1/61cabc75f33c2_PS38.jpg
PS39,30 Seconds Single Step Multi Lifting Syringe,980.00 USD,https://www.premierdeadsea-usa.com/en/30-seconds-single-step-multi-lifting-syringe,https://www.premierdeadsea-usa.com/pub/media/catalog/product/6/1/614b16f915042_PS39.jpg
PS4,Supreme Clarifying Lotion,69.99 USD,https://www.premierdeadsea-usa.com/en/supreme-clarifying-lotion,https://www.premierdeadsea-usa.com/pub/media/catalog/product/6/1/614b170640c34_PS4.jpg
PS41,Regenessence Supreme Gold And Diamond Mask Treatment,5000.00 USD,https://www.premierdeadsea-usa.com/en/regenessence-supreme-gold-and-diamond-mask-treatment,https://www.premierdeadsea-usa.com/pub/media/catalog/product/6/1/619f7465f13d9_REGENESSENCE_SUPREME_GOLD_AND_DIAMOND_MASK_TREATMENT_PS41.jpg
PS5,Supreme Exfoliating Emulsion,99.99 USD,https://www.premierdeadsea-usa.com/en/exfoliating-emulsion,https://www.premierdeadsea-usa.com/pub/media/catalog/product/6/1/614b1758733f7_PS5.jpg
PS6,Supreme Skin Minerals Eye Care,449.99 USD,https://www.premierdeadsea-usa.com/en/supreme-skin-mineral-eye-care,https://www.premierdeadsea-usa.com/pub/media/catalog/product/6/1/619f74d81f344_PS6u.jpg
PS7,Supreme Skin Minerals Eye Infusion,449.99 USD,https://www.premierdeadsea-usa.com/en/supreme-skin-mineral-eye-infusion,https://www.premierdeadsea-usa.com/pub/media/catalog/product/6/1/619f7500e9bbb_PS7e.jpg
PS8,Supreme Skin Minerals Facial Infusion,399.99 USD,https://www.premierdeadsea-usa.com/en/skin-minerals-facial-infusion,https://www.premierdeadsea-usa.com/pub/media/catalog/product/6/1/61c8306cddfdc_PS8.jpg
PS9,Supreme Skin Minerals Magical Mask,399.99 USD,https://www.premierdeadsea-usa.com/en/skin-minerals-magical-mask,https://www.premierdeadsea-usa.com/pub/media/catalog/product/6/1/614b178f5eaa5_PS9.jpg
PSN1B,Supreme Moisture Locking Natural Cream,34.99 USD,https://www.premierdeadsea-usa.com/en/supreme-moisture-locking-natural-cream,https://www.premierdeadsea-usa.com/pub/media/catalog/product/6/1/619f7525b5d52_PSN1B.jpg
PSna,Supreme Beautifying Nail Kit - Velvet,59.99 USD,https://www.premierdeadsea-usa.com/en/supreme-beautifying-nail-kit-velvet,https://www.premierdeadsea-usa.com/pub/media/catalog/product/6/1/619f75474b961_PSNA.jpg
PSnb,Supreme Beautifying Nail Kit - Cashmere,59.99 USD,https://www.premierdeadsea-usa.com/en/supreme-beautifying-nail-kit-cashmere,https://www.premierdeadsea-usa.com/pub/media/catalog/product/6/1/619f756b3013f_PSNB.jpg
S20,Original Hand Made Dead Sea Salt Soap - Blue Ocean,14.99 USD,https://www.premierdeadsea-usa.com/en/original-hand-made-dead-sea-salt-soap-blue-ocean,https://www.premierdeadsea-usa.com/pub/media/catalog/product/6/0/602bca3c3a9ed_S20.jpg
S21,Original Hand Made Dead Sea Salt Soap - Green Apple,14.99 USD,https://www.premierdeadsea-usa.com/en/original-hand-made-dead-sea-salt-soap-green-apple,https://www.premierdeadsea-usa.com/pub/media/catalog/product/6/0/602bca467e7aa_S21.jpg
S22,Original Hand Made Dead Sea Salt Soap - Red Passion,14.99 USD,https://www.premierdeadsea-usa.com/en/original-hand-made-dead-sea-salt-soap-red-passion,https://www.premierdeadsea-usa.com/pub/media/catalog/product/6/0/602bca505cca0_S22.jpg
S23,Original Hand Made Dead Sea Salt Soap - Fruit Mix,14.99 USD,https://www.premierdeadsea-usa.com/en/original-hand-made-dead-sea-salt-soap-fruit-mix,https://www.premierdeadsea-usa.com/pub/media/catalog/product/6/0/602bca5b06bce_S23.jpg
S24,Original Hand Made Dead Sea Salt Soap - Citrus,14.99 USD,https://www.premierdeadsea-usa.com/en/original-hand-made-dead-sea-salt-soap-citrus,https://www.premierdeadsea-usa.com/pub/media/catalog/product/6/0/602bca6499a40_S24.jpg
S25,Original Hand Made Dead Sea Salt Soap - Vanilla Love,14.99 USD,https://www.premierdeadsea-usa.com/en/original-hand-made-dead-sea-salt-soap-vanilla-love,https://www.premierdeadsea-usa.com/pub/media/catalog/product/6/0/602bca6e4d395_S25.jpg
S26,Original Hand Made Dead Sea Salt Soap - Vanilla Mix,14.99 USD,https://www.premierdeadsea-usa.com/en/original-hand-made-dead-sea-salt-soap-vanilla-mix,https://www.premierdeadsea-usa.com/pub/media/catalog/product/6/0/602bca78010d0_S26.jpg
S2e,Dead Sea Mineral Salt Soap,24.99 USD,https://www.premierdeadsea-usa.com/en/dead-sea-mineral-salt-soap,https://www.premierdeadsea-usa.com/pub/media/catalog/product/6/1/615c069e80801_S2.jpg
S3e,Dead Sea Mineral Mud Soap,24.99 USD,https://www.premierdeadsea-usa.com/en/dead-sea-mineral-mud-soap,https://www.premierdeadsea-usa.com/pub/media/catalog/product/6/1/615c07aa14be2_S3.jpg
S7e,Dead Sea Mineral Trio Soap Pack,19.99 USD,https://www.premierdeadsea-usa.com/en/dead-sea-mineral-trio-soap-pack,https://www.premierdeadsea-usa.com/pub/media/catalog/product/6/0/602bca9fc4df5_S7e.jpg
S8,Dead Sea Soap Duo,29.99 USD,https://www.premierdeadsea-usa.com/en/dead-sea-soap-duo,https://www.premierdeadsea-usa.com/pub/media/catalog/product/6/0/602bcaa9c472b_S8e.jpg
T1,Minerals-To-Go - Active Nourishing Cream,49.99 USD,https://www.premierdeadsea-usa.com/en/minerals-to-go-active-nourishing-cream,https://www.premierdeadsea-usa.com/pub/media/catalog/product/6/0/602bcab3dc266_T1__35ml.jpg
T2,Minerals-To-Go - Active Age Defying Day Cream,49.99 USD,https://www.premierdeadsea-usa.com/en/minerals-to-go-active-age-defying-day-cream,https://www.premierdeadsea-usa.com/pub/media/catalog/product/6/0/602bcabd634a9_T2__35ml.jpg
T25,Anti-Aging 24K Gold Mask Miracle Noir,699.99 USD,https://www.premierdeadsea-usa.com/en/mariah-carey-anti-aging-24k-gold-mask-miracle-noir,https://www.premierdeadsea-usa.com/pub/media/catalog/product/6/1/614b24be1284e_Anti_aging_24k_gold_mask_miracle_noir__T25.jpg
T26,24K Gold Anti-Aging Facial Peeling Mask & Anti-Aging Moisture Cream,599.99 USD,https://www.premierdeadsea-usa.com/en/mariah-carey-anti-aging-24k-mask-and-cream,https://www.premierdeadsea-usa.com/pub/media/catalog/product/6/1/614b24cc42238_T26.jpg
T27,Anti-Aging 24K Gold Mask Treatment,1599.99 USD,https://www.premierdeadsea-usa.com/en/mariah-carey-anti-aging-24k-gold-mask,https://www.premierdeadsea-usa.com/pub/media/catalog/product/6/1/614b24da5d7e0_T27.jpg
T3,Minerals-To-Go - Active Eye Cream,59.99 USD,https://www.premierdeadsea-usa.com/en/minerals-to-go-active-eye-cream,https://www.premierdeadsea-usa.com/pub/media/catalog/product/6/0/602bcae5ef07c_T3__35ml.jpg
T4,Minerals-To-Go - Active Nourishing Facial Mask,49.99 USD,https://www.premierdeadsea-usa.com/en/minerals-to-go-active-nourishing-facial-mask,https://www.premierdeadsea-usa.com/pub/media/catalog/product/6/0/602bcaefae03f_T4__35ml.jpg
T5,Minerals-To-Go - Cooling Foot Gel,29.99 USD,https://www.premierdeadsea-usa.com/en/mineralstogo-cooling-foot-gel,https://www.premierdeadsea-usa.com/pub/media/catalog/product/5/f/5f851271a6e29_T5__100ml.jpg
T6,Minerals-To-Go - Shower Cream,29.99 USD,https://www.premierdeadsea-usa.com/en/minerals-to-go-shower-cream,https://www.premierdeadsea-usa.com/pub/media/catalog/product/6/0/602bcaf963034_T6__250ml.jpg
T7,Minerals-To-Go - Mild Mud Shampoo,29.99 USD,https://www.premierdeadsea-usa.com/en/minerals-to-go-mild-mud-shampoo,https://www.premierdeadsea-usa.com/pub/media/catalog/product/6/0/602bcb0318d4a_T7__250ml.jpg
T8,Minerals-To-Go - Salt Shampoo,29.99 USD,https://www.premierdeadsea-usa.com/en/minerals-to-go-salt-shampoo,https://www.premierdeadsea-usa.com/pub/media/catalog/product/6/0/602bcb0de7617_T8__250ml.jpg
B212,Trio Luxury,79.99 USD,https://www.premierdeadsea-usa.com/en/trio-luxury,https://www.premierdeadsea-usa.com/pub/media/catalog/product/6/0/602bcb17972f3_B212_K85_k81_A112.jpg
B213,Trio Elite,99.99 USD,https://www.premierdeadsea-usa.com/en/trio-elite,https://www.premierdeadsea-usa.com/pub/media/catalog/product/6/0/602bcb20b343a_B213_K85_A112_A141.jpg
K81,Prestige Luxury Hand Cream,34.99 USD,https://www.premierdeadsea-usa.com/en/prestige-luxury-hand-cream,https://www.premierdeadsea-usa.com/pub/media/catalog/product/6/1/614b24f5b39f0_K81_125ml.jpg
K82,Prestige Luxury Foot Cream,34.99 USD,https://www.premierdeadsea-usa.com/en/prestige-luxury-foot-cream,https://www.premierdeadsea-usa.com/pub/media/catalog/product/6/1/614b2503ba084_K82_125ml.jpg
K83,Prestige Moisture Cream For Multi Use,39.99 USD,https://www.premierdeadsea-usa.com/en/prestige-moisture-cream-for-multi-use,https://www.premierdeadsea-usa.com/pub/media/catalog/product/6/1/614b250f27a67_K83_125ml.jpg
K84,Prestige Facial Cleanser With Micro Grains,39.99 USD,https://www.premierdeadsea-usa.com/en/prestige-facial-cleanser-with-micro-grains,https://www.premierdeadsea-usa.com/pub/media/catalog/product/6/1/614b251a9aff5_K84_125ml.jpg
K02,Skin Toner - Normal To Dry Skin,69.99 USD,https://www.premierdeadsea-usa.com/en/skin-toner-normal-to-dry-skin,https://www.premierdeadsea-usa.com/pub/media/catalog/product/6/1/61557d0a981bb_A02e.jpg
K85,Prestige Natural Aloe Vera Gel,39.99 USD,https://www.premierdeadsea-usa.com/en/prestige-natural-aloe-vera-gel,https://www.premierdeadsea-usa.com/pub/media/catalog/product/6/1/614b253b6f281_K85_125ml.jpg
K86a,Prestige Aromatic Body Cream - Silk,24.99 USD,https://www.premierdeadsea-usa.com/en/prestige-aromatic-body-cream-silk,https://www.premierdeadsea-usa.com/pub/media/catalog/product/6/1/61cabd122cf3e_K86a__250ml.jpg
K86b,Prestige Aromatic Body Cream - Sensual,24.99 USD,https://www.premierdeadsea-usa.com/en/prestige-aromatic-body-cream-sensual,https://www.premierdeadsea-usa.com/pub/media/catalog/product/6/1/61cabd58972e0_K86b__250ml.jpg
K90,Premier Advanced 3D Masca Negra,2249.99 USD,https://www.premierdeadsea-usa.com/en/advanced-3d-masca-negra,https://www.premierdeadsea-usa.com/pub/media/catalog/product/6/1/614b257fcd938_K90.jpg
A10e,Classic Miracle Noir Mask,209.99 USD,https://www.premierdeadsea-usa.com/en/mask-miracle-noir,https://www.premierdeadsea-usa.com/pub/media/catalog/product/6/1/61c849d3a25a6_A10e.jpg
A118,Lemongrass And Mandarin Body Butter,59.99 USD,https://www.premierdeadsea-usa.com/en/lemongrass-and-mandarin-body-butter,https://www.premierdeadsea-usa.com/pub/media/catalog/product/6/0/6048a7d2c2a56_A118.jpg
A86e-A85e,Classic Refining Moisture Cream & Refining Facial Peeling Mask,239.99 USD,https://www.premierdeadsea-usa.com/en/classic-refining-moisture-cream-refining-facial-peeling-mask,https://www.premierdeadsea-usa.com/pub/media/catalog/product/5/f/5f8578c8e66f5_Ci8.jpg
A120e-A121e-A122e,Classic Body Trio Kit,24.99 USD,https://www.premierdeadsea-usa.com/en/classic-body-trio-kit,https://www.premierdeadsea-usa.com/pub/media/catalog/product/5/f/5f855e33312e3_Ci9.jpg
T27-T26-T25,Mariah Carey 24K Gold Complete Set,999.00 USD,https://www.premierdeadsea-usa.com/en/mariah-carey-24k-gold-complete-set,https://www.premierdeadsea-usa.com/pub/media/catalog/product/5/f/5f855f63c14d4_Ci10.jpg
A36e,Classic Moisture Cream For Multi-Use,34.99 USD,https://www.premierdeadsea-usa.com/en/moisture-cream-for-multi-use,https://www.premierdeadsea-usa.com/pub/media/catalog/product/6/1/61c8523661007_A36e.jpg
A33E,קרם ידיים מלכותי,39.90 USD,https://www.premierdeadsea-usa.com/en/catalog/product/view/id/1418/s/luxury-hand-cream/,https://www.premierdeadsea-usa.com/pub/media/catalog/product/6/1/611b5c765fc92_A33e.jpg
A43e,קרם רגליים,20.00 USD,https://www.premierdeadsea-usa.com/en/catalog/product/view/id/1420/s/qrm-rgliim/,https://www.premierdeadsea-usa.com/pub/media/catalog/product/6/0/608e7ddf78b19_A34e.jpg
A44e,מנקה פנים,19.90 USD,https://www.premierdeadsea-usa.com/en/catalog/product/view/id/1421/s/mnqh-pnim/,https://www.premierdeadsea-usa.com/pub/media/catalog/product/6/0/608e7e4270633_A37e.jpg
C26,Immediate Wrinkle Plumper,699.99 USD,https://www.premierdeadsea-usa.com/en/immediate-wrinkle-plumper,https://www.premierdeadsea-usa.com/pub/media/catalog/product/6/1/61a654d09a0ac_C26.jpg
A49t,"Beautifying mask collagen, beta carotene and seaweed",89.90 USD,https://www.premierdeadsea-usa.com/en/beautifying- mask-beta-carotene-and-seaweed,https://www.premierdeadsea-usa.com/pub/media/catalog/product/p/r/premier-dead-sea-beautifying-mask-collagen-beta-carotene-and-seaweed-a49t.jpg
PS43,Supreme 30 Seconds Single Step Multi Lifting Syringe,980.00 USD,https://www.premierdeadsea-usa.com/en/supreme-30-seconds-single-step-multi-lifting-syringe,https://www.premierdeadsea-usa.com/pub/media/catalog/product/6/1/61a605f9aacb4_PS43.jpg
C30-il,נונה,3490.00 USD,https://www.premierdeadsea-usa.com/en/catalog/product/view/id/1434/s/nuna-home-medical-device/,https://www.premierdeadsea-usa.com/pub/media/catalog/product/6/1/61c83f2e1ffa8_NUNA_device_C35_548x731.jpg
C36-il,נונה פרו,6999.00 USD,https://www.premierdeadsea-usa.com/en/catalog/product/view/id/1435/s/nuna-pro-home-medical-device/,https://www.premierdeadsea-usa.com/pub/media/catalog/product/6/1/61c83f3449a9e_NUNA__pro_device_C36_548x731__1_.jpg
